Date,Company,Open,High,Low,Close,Adj Close,Volume
2022-07-11,HUL,2487.0,2525.0,2480.0,2490.60009765625,2318.033935546875,1587197
2022-07-12,HUL,2475.0,2490.60009765625,2444.449951171875,2449.550048828125,2279.828369140625,1116476
2022-07-13,HUL,2464.0,2519.35009765625,2461.39990234375,2497.75,2324.68798828125,2528792
2022-07-14,HUL,2502.75,2522.89990234375,2468.199951171875,2497.800048828125,2324.735107421875,1663307
2022-07-15,HUL,2530.0,2573.89990234375,2502.050048828125,2568.5,2390.536376953125,2996964
2022-07-18,HUL,2581.0,2605.0,2533.050048828125,2553.5,2376.57568359375,1566888
2022-07-19,HUL,2549.949951171875,2575.0,2522.75,2567.949951171875,2390.024169921875,1473121
2022-07-20,HUL,2575.0,2618.0,2535.60009765625,2604.5,2424.042236328125,4012897
2022-07-21,HUL,2617.0,2629.89990234375,2591.699951171875,2607.449951171875,2426.787353515625,1990695
2022-07-22,HUL,2617.0,2643.199951171875,2611.050048828125,2640.60009765625,2457.640625,1905780
2022-07-25,HUL,2645.5,2654.0,2612.0,2623.60009765625,2441.818603515625,1253821
2022-07-26,HUL,2625.0,2625.0,2538.10009765625,2547.10009765625,2370.618896484375,1685576
2022-07-27,HUL,2535.35009765625,2590.5,2525.0,2581.949951171875,2403.05419921875,1404133
2022-07-28,HUL,2625.0,2625.0,2585.0,2620.10009765625,2438.561279296875,1442054
2022-07-29,HUL,2640.0,2645.0,2596.0,2637.39990234375,2454.66259765625,1463059
2022-08-01,HUL,2637.5,2638.0,2580.0,2593.0,2413.339111328125,1559918
2022-08-02,HUL,2600.0,2639.10009765625,2599.0,2635.25,2452.66162109375,1359934
2022-08-03,HUL,2615.25,2664.0,2597.89990234375,2626.35009765625,2444.37841796875,1767904
2022-08-04,HUL,2634.0,2643.449951171875,2615.0,2627.949951171875,2445.8671875,1189384
2022-08-05,HUL,2638.0,2657.64990234375,2627.550048828125,2645.39990234375,2462.10791015625,1176666
2022-08-08,HUL,2645.39990234375,2658.0,2626.050048828125,2650.35009765625,2466.715576171875,1024511
2022-08-10,HUL,2650.35009765625,2676.699951171875,2631.199951171875,2642.800048828125,2459.6884765625,1098949
2022-08-11,HUL,2656.050048828125,2667.75,2606.60009765625,2613.699951171875,2432.604248046875,810674
2022-08-12,HUL,2624.89990234375,2626.10009765625,2585.10009765625,2594.949951171875,2415.153564453125,1473527
2022-08-16,HUL,2607.949951171875,2648.35009765625,2590.550048828125,2644.5,2461.270751953125,1584117
2022-08-17,HUL,2651.0,2694.0,2644.5,2684.64990234375,2498.638427734375,1711381
2022-08-18,HUL,2685.0,2715.0,2664.64990234375,2682.050048828125,2496.21875,1465489
2022-08-19,HUL,2689.0,2698.949951171875,2626.5,2634.550048828125,2452.01025390625,1324508
2022-08-22,HUL,2648.0,2666.800048828125,2620.10009765625,2626.699951171875,2444.70361328125,1410895
2022-08-23,HUL,2602.050048828125,2629.699951171875,2585.25,2592.75,2413.10595703125,1305045
2022-08-24,HUL,2576.0,2610.0,2561.300048828125,2588.25,2408.918212890625,1242489
2022-08-25,HUL,2601.199951171875,2628.39990234375,2565.449951171875,2574.199951171875,2395.84130859375,1106593
2022-08-26,HUL,2599.89990234375,2614.699951171875,2562.0,2571.550048828125,2393.374755859375,1048791
2022-08-29,HUL,2550.0,2607.89990234375,2550.0,2575.800048828125,2397.33056640625,1450034
2022-08-30,HUL,2588.699951171875,2667.0,2585.60009765625,2659.85009765625,2475.556884765625,2227943
2022-09-01,HUL,2650.0,2655.0,2594.0,2606.0,2425.43798828125,1702269
2022-09-02,HUL,2615.0,2623.0,2585.0,2603.60009765625,2423.204345703125,937600
2022-09-05,HUL,2597.0,2622.39990234375,2586.10009765625,2600.60009765625,2420.412353515625,1274074
2022-09-06,HUL,2591.199951171875,2620.0,2563.0,2573.10009765625,2394.817626953125,1250776
2022-09-07,HUL,2571.800048828125,2596.89990234375,2560.800048828125,2564.60009765625,2386.906494140625,1344964
2022-09-08,HUL,2580.0,2596.0,2563.0,2577.14990234375,2398.58642578125,1004533
2022-09-09,HUL,2598.0,2647.0,2583.449951171875,2588.699951171875,2409.3369140625,1785443
2022-09-12,HUL,2591.0,2605.0,2574.0,2580.39990234375,2401.611572265625,1595709
2022-09-13,HUL,2598.0,2609.0,2579.0,2586.60009765625,2407.38232421875,1342130
2022-09-14,HUL,2550.0,2606.0,2546.699951171875,2571.39990234375,2393.2353515625,1610054
2022-09-15,HUL,2580.0,2598.800048828125,2551.0,2560.39990234375,2382.997802734375,1199906
2022-09-16,HUL,2555.0,2563.85009765625,2518.64990234375,2528.14990234375,2352.981689453125,2516820
2022-09-19,HUL,2531.0,2588.0,2508.050048828125,2579.25,2400.54150390625,1166725
2022-09-20,HUL,2598.60009765625,2621.5,2579.60009765625,2583.550048828125,2404.54345703125,1253333
2022-09-21,HUL,2582.0,2646.75,2580.0,2623.60009765625,2441.818603515625,1960049
2022-09-22,HUL,2623.10009765625,2701.25,2620.050048828125,2692.75,2506.177490234375,2620240
2022-09-23,HUL,2697.89990234375,2723.75,2674.0,2682.050048828125,2496.21875,1789791
2022-09-26,HUL,2668.5,2729.0,2643.050048828125,2660.550048828125,2476.208251953125,2678551
2022-09-27,HUL,2676.0,2713.75,2653.39990234375,2679.25,2493.61279296875,1898501
2022-09-28,HUL,2669.949951171875,2708.75,2652.050048828125,2702.10009765625,2514.879638671875,1526197
2022-09-29,HUL,2711.10009765625,2727.0,2691.10009765625,2700.550048828125,2513.436767578125,2019666
2022-09-30,HUL,2707.0,2714.89990234375,2667.89990234375,2696.449951171875,2509.620849609375,1340054
2022-10-03,HUL,2723.0,2734.0,2617.550048828125,2622.5,2440.794921875,1683197
2022-10-04,HUL,2650.0,2676.5,2634.14990234375,2667.949951171875,2483.095703125,1327939
2022-10-06,HUL,2681.300048828125,2692.300048828125,2605.050048828125,2614.0,2432.8837890625,1752351
2022-10-07,HUL,2611.89990234375,2613.0,2575.0,2599.699951171875,2419.57421875,1025923
2022-10-10,HUL,2570.0,2610.699951171875,2542.0,2605.60009765625,2425.06591796875,1043728
2022-10-11,HUL,2610.0,2610.550048828125,2545.0,2550.64990234375,2373.923095703125,1129783
2022-10-12,HUL,2563.449951171875,2604.60009765625,2554.199951171875,2591.35009765625,2411.80322265625,882873
2022-10-13,HUL,2583.0,2607.14990234375,2562.89990234375,2566.39990234375,2388.581787109375,753331
2022-10-14,HUL,2590.0,2624.89990234375,2570.199951171875,2575.800048828125,2397.33056640625,1001536
2022-10-17,HUL,2573.60009765625,2609.949951171875,2568.0,2590.550048828125,2411.05859375,778918
2022-10-18,HUL,2620.0,2642.0,2597.0,2602.25,2421.94775390625,1123374
2022-10-19,HUL,2615.300048828125,2617.5,2578.39990234375,2583.0,2404.03173828125,1241979
2022-10-20,HUL,2568.14990234375,2610.0,2568.14990234375,2600.89990234375,2420.69091796875,1428125
2022-10-21,HUL,2606.0,2666.75,2606.0,2653.89990234375,2470.01904296875,2458302
2022-10-24,HUL,2610.10009765625,2640.0,2550.0,2573.10009765625,2394.817626953125,719908
2022-10-25,HUL,2586.0,2586.0,2500.0,2505.39990234375,2331.80810546875,2923789
2022-10-27,HUL,2494.0,2530.0,2488.0,2519.0,2344.4658203125,1846329
2022-10-28,HUL,2526.10009765625,2550.89990234375,2512.0,2524.25,2349.352294921875,1164951
2022-10-31,HUL,2545.0,2572.0,2542.050048828125,2550.699951171875,2373.969482421875,1324443
2022-11-01,HUL,2569.0,2575.85009765625,2547.60009765625,2551.800048828125,2390.928466796875,1280132
2022-11-02,HUL,2564.0,2564.0,2501.39990234375,2518.300048828125,2359.540283203125,1338284
2022-11-03,HUL,2515.699951171875,2549.0,2508.300048828125,2546.35009765625,2385.822021484375,730444
2022-11-04,HUL,2544.949951171875,2546.0,2515.25,2520.35009765625,2361.46142578125,889055
2022-11-07,HUL,2531.10009765625,2552.0,2517.0,2532.800048828125,2373.12646484375,1283685
2022-11-09,HUL,2510.0,2544.89990234375,2492.64990234375,2508.800048828125,2350.63916015625,1436444
2022-11-10,HUL,2504.0,2538.0,2501.050048828125,2513.60009765625,2355.136962890625,1459152
2022-11-11,HUL,2545.0,2546.800048828125,2495.0,2503.050048828125,2345.251708984375,1162847
2022-11-14,HUL,2506.800048828125,2513.75,2455.14990234375,2457.800048828125,2302.854248046875,2137131
2022-11-15,HUL,2457.800048828125,2469.0,2444.14990234375,2457.5,2302.5732421875,1558333
2022-11-16,HUL,2463.550048828125,2483.0,2428.10009765625,2477.85009765625,2321.640625,1330395
2022-11-17,HUL,2479.949951171875,2498.0,2454.25,2460.0,2304.916015625,960476
2022-11-18,HUL,2470.0,2488.550048828125,2448.85009765625,2483.699951171875,2327.12158203125,1075675
2022-11-21,HUL,2483.699951171875,2512.0,2470.050048828125,2501.39990234375,2343.705810546875,1354881
2022-11-22,HUL,2505.89990234375,2524.0,2497.0,2515.699951171875,2357.104248046875,921265
2022-11-23,HUL,2521.0,2525.0,2502.0,2507.35009765625,2349.28076171875,734152
2022-11-24,HUL,2517.0,2560.0,2511.14990234375,2549.14990234375,2388.4453125,999929
2022-11-25,HUL,2555.0,2555.39990234375,2518.199951171875,2537.449951171875,2377.483154296875,783480
2022-11-28,HUL,2527.0,2542.5,2521.800048828125,2525.199951171875,2366.005615234375,830905
2022-11-29,HUL,2527.199951171875,2639.949951171875,2527.199951171875,2634.199951171875,2468.1337890625,2542932
2022-11-30,HUL,2634.0,2698.0,2623.0,2684.35009765625,2515.12255859375,3698270
2022-12-01,HUL,2680.0,2683.0,2646.85009765625,2662.85009765625,2494.9775390625,1675569
2022-12-02,HUL,2660.0,2660.0,2607.14990234375,2615.10009765625,2450.238037109375,2101890
2022-12-05,HUL,2600.0,2625.0,2585.14990234375,2619.85009765625,2454.688720703125,1640511
2022-12-06,HUL,2606.800048828125,2659.949951171875,2603.85009765625,2654.550048828125,2487.200927734375,1484562
2022-12-07,HUL,2660.050048828125,2719.800048828125,2656.25,2707.35009765625,2536.67236328125,2368561
2022-12-08,HUL,2695.050048828125,2711.050048828125,2685.75,2705.449951171875,2534.89208984375,1314703
2022-12-09,HUL,2724.699951171875,2741.60009765625,2711.25,2722.25,2550.6328125,1883397
2022-12-12,HUL,2702.199951171875,2724.0,2688.64990234375,2717.25,2545.947998046875,1163204
2022-12-13,HUL,2717.0,2720.0,2697.800048828125,2710.300048828125,2539.436767578125,1265839
2022-12-14,HUL,2720.0,2720.0,2671.35009765625,2684.64990234375,2515.403076171875,886858
2022-12-15,HUL,2668.35009765625,2683.25,2648.449951171875,2663.25,2495.3525390625,990722
2022-12-16,HUL,2668.0,2687.699951171875,2653.300048828125,2671.300048828125,2502.89501953125,1793864
2022-12-19,HUL,2671.300048828125,2720.0,2671.300048828125,2718.10009765625,2546.744384765625,1546941
2022-12-20,HUL,2706.0,2706.050048828125,2653.25,2674.550048828125,2505.93994140625,827567
2022-12-21,HUL,2687.949951171875,2695.14990234375,2650.10009765625,2666.199951171875,2498.116455078125,779092
2022-12-22,HUL,2676.5,2688.5,2642.0,2645.35009765625,2478.5810546875,852567
2022-12-23,HUL,2632.0,2649.550048828125,2608.050048828125,2621.10009765625,2455.859619140625,1189702
2022-12-26,HUL,2620.949951171875,2637.85009765625,2606.75,2617.449951171875,2452.439697265625,605144
2022-12-27,HUL,2625.0,2634.89990234375,2575.25,2593.25,2429.76513671875,870960
2022-12-28,HUL,2593.0,2603.10009765625,2578.10009765625,2583.60009765625,2420.7236328125,822651
2022-12-29,HUL,2580.25,2583.300048828125,2539.39990234375,2568.050048828125,2406.154296875,1345863
2022-12-30,HUL,2579.949951171875,2586.449951171875,2555.199951171875,2561.050048828125,2399.59521484375,696432
2023-01-02,HUL,2573.89990234375,2580.050048828125,2538.050048828125,2558.39990234375,2397.112060546875,681703
2023-01-03,HUL,2550.050048828125,2562.0,2535.0,2542.050048828125,2381.793212890625,821843
2023-01-04,HUL,2550.5,2558.39990234375,2527.050048828125,2536.10009765625,2376.218017578125,1672649
2023-01-05,HUL,2537.550048828125,2591.949951171875,2537.5,2583.699951171875,2420.817138671875,2008493
2023-01-06,HUL,2580.0,2611.89990234375,2574.89990234375,2576.449951171875,2414.0244140625,991782
2023-01-09,HUL,2589.35009765625,2629.449951171875,2570.0,2624.050048828125,2458.6240234375,1267078
2023-01-10,HUL,2624.050048828125,2653.35009765625,2615.10009765625,2643.85009765625,2477.175537109375,1413088
2023-01-11,HUL,2644.0,2647.85009765625,2588.10009765625,2593.25,2429.76513671875,1471687
2023-01-12,HUL,2586.10009765625,2602.60009765625,2572.75,2590.050048828125,2426.76708984375,1703829
2023-01-13,HUL,2590.199951171875,2639.25,2566.64990234375,2624.0,2458.576904296875,1348015
2023-01-16,HUL,2627.949951171875,2627.949951171875,2584.0,2597.10009765625,2433.372802734375,930068
2023-01-17,HUL,2605.449951171875,2675.0,2601.800048828125,2667.550048828125,2499.381103515625,1892865
2023-01-18,HUL,2668.0,2693.5,2660.0,2686.199951171875,2516.85546875,2038075
2023-01-19,HUL,2670.10009765625,2679.300048828125,2611.89990234375,2649.75,2482.703369140625,1649842
2023-01-20,HUL,2550.0,2605.0,2536.050048828125,2548.75,2388.07080078125,4569549
2023-01-23,HUL,2560.0,2604.0,2552.0,2596.39990234375,2432.716552734375,1388360
2023-01-24,HUL,2604.0,2610.0,2580.800048828125,2600.5,2436.55810546875,1462462
2023-01-25,HUL,2600.5,2642.0,2594.0,2622.35009765625,2457.03076171875,1591810
2023-01-27,HUL,2635.5,2646.550048828125,2578.199951171875,2612.14990234375,2447.4736328125,1581382
2023-01-30,HUL,2610.0,2610.0,2530.199951171875,2568.14990234375,2406.247802734375,2744039
2023-01-31,HUL,2568.0,2590.199951171875,2541.199951171875,2576.75,2414.305419921875,2366794
2023-02-01,HUL,2600.199951171875,2603.0,2546.85009765625,2574.25,2411.96337890625,2014615
2023-02-02,HUL,2569.5,2639.75,2563.0,2634.85009765625,2468.742919921875,1980667
2023-02-03,HUL,2640.0,2657.449951171875,2631.14990234375,2648.75,2481.766357421875,1638238
2023-02-06,HUL,2631.0,2645.0,2599.75,2637.60009765625,2471.319580078125,1697446
2023-02-07,HUL,2645.0,2645.550048828125,2595.300048828125,2601.199951171875,2437.21435546875,1495745
2023-02-08,HUL,2592.699951171875,2607.5,2578.35009765625,2582.800048828125,2419.97412109375,1061956
2023-02-09,HUL,2587.0,2599.89990234375,2566.0,2586.699951171875,2423.6279296875,1102484
2023-02-10,HUL,2585.0,2586.64990234375,2555.35009765625,2577.5,2415.00830078125,1523011
2023-02-13,HUL,2560.0,2590.75,2550.0,2581.0,2418.28759765625,1146525
2023-02-14,HUL,2585.0,2602.0,2570.199951171875,2579.60009765625,2416.97607421875,1944364
2023-02-15,HUL,2550.0,2571.800048828125,2537.0,2548.449951171875,2387.789306640625,2009134
2023-02-16,HUL,2560.0,2561.89990234375,2522.85009765625,2527.10009765625,2367.78564453125,1982857
2023-02-17,HUL,2525.0,2546.25,2506.89990234375,2515.5,2356.9169921875,1395341
2023-02-20,HUL,2518.0,2543.0,2508.199951171875,2511.449951171875,2353.122314453125,632091
2023-02-21,HUL,2528.0,2543.949951171875,2512.300048828125,2516.14990234375,2357.52587890625,862797
2023-02-22,HUL,2516.14990234375,2523.550048828125,2482.75,2494.050048828125,2336.819091796875,885515
2023-02-23,HUL,2492.0,2515.89990234375,2480.10009765625,2490.64990234375,2333.6337890625,757215
2023-02-24,HUL,2492.199951171875,2511.25,2471.949951171875,2484.199951171875,2327.590087890625,732783
2023-02-27,HUL,2487.0,2487.0,2456.0,2468.14990234375,2312.552001953125,853991
2023-02-28,HUL,2469.75,2474.35009765625,2435.64990234375,2460.64990234375,2305.5244140625,1780454
2023-03-01,HUL,2458.0,2470.0,2448.0,2466.25,2310.771728515625,967339
2023-03-02,HUL,2466.25,2470.0,2444.0,2455.35009765625,2300.55859375,827174
2023-03-03,HUL,2466.0,2489.89990234375,2455.64990234375,2471.0,2315.222412109375,1176008
2023-03-06,HUL,2481.949951171875,2498.85009765625,2475.60009765625,2484.85009765625,2328.198974609375,1214503
2023-03-08,HUL,2487.0,2501.39990234375,2467.199951171875,2485.10009765625,2328.433349609375,1448340
2023-03-09,HUL,2484.85009765625,2491.949951171875,2456.89990234375,2461.39990234375,2306.227294921875,1038910
2023-03-10,HUL,2450.0,2470.5,2445.10009765625,2465.449951171875,2310.022216796875,772024
2023-03-13,HUL,2466.0,2488.5,2445.0,2455.10009765625,2300.324951171875,1314549
2023-03-14,HUL,2462.0,2472.0,2439.75,2442.449951171875,2288.47216796875,1250763
2023-03-15,HUL,2451.89990234375,2459.5,2393.0,2406.10009765625,2254.413818359375,1738040
2023-03-16,HUL,2424.949951171875,2469.300048828125,2407.75,2459.35009765625,2304.30712890625,1628035
2023-03-17,HUL,2471.64990234375,2483.199951171875,2439.800048828125,2447.39990234375,2293.110107421875,2127178
2023-03-20,HUL,2447.39990234375,2516.64990234375,2425.0,2511.199951171875,2352.887939453125,1561128
2023-03-21,HUL,2515.0,2523.25,2458.75,2462.60009765625,2307.35205078125,1595161
2023-03-22,HUL,2472.60009765625,2481.39990234375,2454.39990234375,2476.35009765625,2320.235107421875,1063244
2023-03-23,HUL,2475.0,2500.050048828125,2466.0,2485.10009765625,2328.433349609375,1578627
2023-03-24,HUL,2472.199951171875,2497.89990234375,2470.0,2480.800048828125,2324.40478515625,1449326
2023-03-27,HUL,2485.0,2505.0,2464.0,2499.0,2341.456787109375,1387736
2023-03-28,HUL,2509.800048828125,2513.5,2471.89990234375,2482.800048828125,2326.278564453125,1412387
2023-03-29,HUL,2485.0,2539.800048828125,2480.050048828125,2530.85009765625,2371.29931640625,2613254
2023-03-31,HUL,2558.800048828125,2568.449951171875,2516.550048828125,2560.35009765625,2398.939697265625,2146167
2023-04-03,HUL,2570.0,2570.0,2515.050048828125,2536.10009765625,2376.218017578125,918048
2023-04-05,HUL,2512.5,2588.550048828125,2502.0,2582.75,2419.927490234375,1489612
2023-04-06,HUL,2575.0,2585.0,2553.0,2565.25,2403.530517578125,797414
2023-04-10,HUL,2565.25,2568.949951171875,2525.0,2532.14990234375,2372.51708984375,853322
2023-04-11,HUL,2540.0,2555.0,2533.0,2547.75,2387.134033203125,913184
2023-04-12,HUL,2556.0,2556.0,2518.64990234375,2528.949951171875,2369.518798828125,1109809
2023-04-13,HUL,2525.0,2562.35009765625,2525.0,2536.199951171875,2376.311767578125,1261711
2023-04-17,HUL,2573.0,2579.0,2541.39990234375,2551.85009765625,2390.975341796875,1566977
2023-04-18,HUL,2560.0,2560.0,2530.0,2541.050048828125,2380.85595703125,1474786
2023-04-19,HUL,2548.0,2548.0,2510.25,2531.60009765625,2372.001953125,1320243
2023-04-20,HUL,2517.800048828125,2532.39990234375,2480.0,2492.60009765625,2335.4609375,1401364
2023-04-21,HUL,2492.0,2509.5,2485.64990234375,2497.949951171875,2340.473388671875,1206288
2023-04-24,HUL,2502.0,2504.89990234375,2475.10009765625,2499.75,2342.15966796875,1735797
2023-04-25,HUL,2490.85009765625,2499.75,2478.050048828125,2490.449951171875,2333.44580078125,1701098
2023-04-26,HUL,2490.0,2518.0,2482.199951171875,2510.800048828125,2352.512939453125,1245903
2023-04-27,HUL,2513.949951171875,2522.0,2457.0,2468.949951171875,2313.301513671875,2743893
2023-04-28,HUL,2436.050048828125,2467.800048828125,2419.0,2457.300048828125,2302.385986328125,3761927
2023-05-02,HUL,2471.800048828125,2478.0,2450.0,2451.699951171875,2297.138916015625,1760370
2023-05-03,HUL,2456.949951171875,2490.0,2452.64990234375,2486.0,2329.2763671875,1258140
2023-05-04,HUL,2486.949951171875,2509.35009765625,2480.14990234375,2506.75,2348.71875,1150227
2023-05-05,HUL,2500.0,2520.0,2494.699951171875,2500.75,2343.0966796875,1354871
2023-05-08,HUL,2505.75,2526.85009765625,2497.14990234375,2516.300048828125,2357.666259765625,972810
2023-05-09,HUL,2525.0,2525.0,2500.050048828125,2515.800048828125,2357.197998046875,1651327
2023-05-10,HUL,2521.0,2535.0,2505.85009765625,2522.699951171875,2363.662841796875,2025658
2023-05-11,HUL,2536.949951171875,2599.0,2523.60009765625,2592.39990234375,2428.968505859375,1749356
2023-05-12,HUL,2594.0,2640.0,2586.39990234375,2623.39990234375,2458.0146484375,2170011
2023-05-15,HUL,2637.949951171875,2670.75,2623.050048828125,2662.25,2494.41552734375,1561055
2023-05-16,HUL,2670.0,2678.39990234375,2650.60009765625,2675.89990234375,2507.204833984375,1477905
2023-05-17,HUL,2672.0,2674.0,2647.050048828125,2661.75,2493.94677734375,839404
2023-05-18,HUL,2665.5,2669.199951171875,2621.85009765625,2627.550048828125,2461.903076171875,1434067
2023-05-19,HUL,2628.64990234375,2649.0,2600.64990234375,2641.449951171875,2474.926513671875,1174757
2023-05-22,HUL,2635.0,2655.449951171875,2623.050048828125,2638.10009765625,2471.787841796875,768232
2023-05-23,HUL,2632.0,2649.800048828125,2625.0,2628.300048828125,2462.60546875,703864
2023-05-24,HUL,2620.0,2638.0,2608.0,2614.949951171875,2450.09716796875,628872
2023-05-25,HUL,2610.0,2626.14990234375,2580.550048828125,2597.25,2433.512939453125,1072231
2023-05-26,HUL,2603.75,2656.699951171875,2603.10009765625,2652.35009765625,2485.139892578125,947073
2023-05-29,HUL,2670.0,2679.550048828125,2645.050048828125,2650.300048828125,2483.21875,698267
2023-05-30,HUL,2655.5,2665.0,2650.85009765625,2656.550048828125,2489.074951171875,948051
2023-05-31,HUL,2656.550048828125,2680.0,2638.0,2667.550048828125,2499.381103515625,3388305
2023-06-01,HUL,2667.0,2731.25,2654.5,2697.89990234375,2527.81787109375,1541080
2023-06-02,HUL,2710.0,2738.199951171875,2691.64990234375,2716.699951171875,2545.432861328125,1509260
2023-06-05,HUL,2716.449951171875,2722.0,2684.14990234375,2695.800048828125,2525.850341796875,1000190
2023-06-06,HUL,2700.0,2707.89990234375,2670.14990234375,2691.14990234375,2521.4931640625,655372
2023-06-07,HUL,2690.0,2727.0,2679.35009765625,2716.199951171875,2544.964111328125,1428490
2023-06-08,HUL,2707.0,2721.550048828125,2674.89990234375,2679.89990234375,2510.95263671875,923536
2023-06-09,HUL,2688.949951171875,2688.949951171875,2620.10009765625,2636.199951171875,2470.0078125,1413808
2023-06-12,HUL,2645.0,2657.0,2633.0,2643.449951171875,2476.800537109375,775484
2023-06-13,HUL,2629.60009765625,2697.0,2627.5,2675.89990234375,2507.204833984375,1787924
2023-06-14,HUL,2671.0,2702.10009765625,2652.0,2698.75,2528.6142578125,1536248
2023-06-15,HUL,2713.949951171875,2717.5,2678.14990234375,2689.699951171875,2520.134521484375,1830192
2023-06-16,HUL,2689.699951171875,2724.0,2683.199951171875,2715.64990234375,2544.44873046875,1748145
2023-06-19,HUL,2702.0,2711.39990234375,2675.0,2683.25,2534.625,1068263
2023-06-20,HUL,2670.0,2680.39990234375,2648.10009765625,2676.10009765625,2527.870849609375,1129279
2023-06-21,HUL,2685.949951171875,2706.85009765625,2668.449951171875,2676.60009765625,2528.34326171875,1201840
2023-06-22,HUL,2668.64990234375,2678.0,2648.699951171875,2654.35009765625,2507.325927734375,830052
2023-06-23,HUL,2651.300048828125,2660.550048828125,2627.449951171875,2641.60009765625,2495.281982421875,991214
2023-06-26,HUL,2642.14990234375,2674.199951171875,2642.14990234375,2652.10009765625,2505.2001953125,758700
2023-06-27,HUL,2652.10009765625,2661.60009765625,2636.0,2651.35009765625,2504.49169921875,687747
2023-06-28,HUL,2652.949951171875,2687.60009765625,2642.0,2661.25,2513.843505859375,1397573
2023-06-30,HUL,2665.949951171875,2685.89990234375,2651.35009765625,2678.14990234375,2529.807373046875,1160181
2023-07-03,HUL,2687.0,2705.85009765625,2659.449951171875,2701.050048828125,2551.439208984375,980665
2023-07-04,HUL,2701.050048828125,2706.699951171875,2675.0,2700.0,2550.447021484375,721907
2023-07-05,HUL,2699.949951171875,2759.39990234375,2696.10009765625,2755.85009765625,2603.20361328125,1717547
2023-07-06,HUL,2759.89990234375,2765.0,2735.64990234375,2757.10009765625,2604.384521484375,1265020
2023-07-07,HUL,2753.10009765625,2769.64990234375,2691.0,2698.10009765625,2548.65234375,1178930
2023-07-10,HUL,2709.89990234375,2711.35009765625,2651.0,2656.550048828125,2509.40380859375,1518183
2023-07-11,HUL,2657.10009765625,2716.75,2646.0,2684.5,2535.8056640625,2476367
2023-07-12,HUL,2704.949951171875,2704.949951171875,2642.5,2673.64990234375,2525.556884765625,2395826
2023-07-13,HUL,2684.949951171875,2687.449951171875,2651.199951171875,2654.699951171875,2507.65625,1495067
2023-07-14,HUL,2655.0,2686.5,2651.050048828125,2676.89990234375,2528.62646484375,1419016
2023-07-17,HUL,2670.0,2703.199951171875,2670.0,2681.699951171875,2533.16064453125,912701
2023-07-18,HUL,2685.550048828125,2701.10009765625,2677.300048828125,2682.800048828125,2534.199951171875,1215904
2023-07-19,HUL,2682.75,2696.89990234375,2660.89990234375,2671.60009765625,2523.620361328125,1166542
2023-07-20,HUL,2669.050048828125,2716.300048828125,2658.199951171875,2703.25,2553.51708984375,1430764
2023-07-21,HUL,2650.0,2676.35009765625,2592.0,2604.0,2459.764404296875,5198952
2023-07-24,HUL,2604.0,2605.949951171875,2575.0,2580.25,2437.329833984375,1777469
2023-07-25,HUL,2580.199951171875,2586.60009765625,2562.300048828125,2568.14990234375,2425.900146484375,1653775
2023-07-26,HUL,2579.5,2598.800048828125,2572.300048828125,2583.300048828125,2440.21142578125,1300033
2023-07-27,HUL,2561.0,2583.0,2553.0,2569.85009765625,2427.50634765625,2276136
2023-07-28,HUL,2570.0,2593.75,2565.199951171875,2584.60009765625,2441.439208984375,966450
2023-07-31,HUL,2575.050048828125,2582.89990234375,2554.0,2560.800048828125,2418.957763671875,2003252
2023-08-01,HUL,2570.0,2573.800048828125,2545.0,2551.10009765625,2409.794677734375,1758897
2023-08-02,HUL,2538.0,2573.449951171875,2536.0,2568.949951171875,2426.65576171875,2082908
2023-08-03,HUL,2557.949951171875,2561.050048828125,2537.199951171875,2551.300048828125,2409.983642578125,1475310
2023-08-04,HUL,2551.300048828125,2558.949951171875,2535.050048828125,2546.0,2404.97705078125,1359318
2023-08-07,HUL,2540.0,2574.0,2538.75,2569.199951171875,2426.892333984375,803823
2023-08-08,HUL,2569.199951171875,2585.199951171875,2555.550048828125,2565.85009765625,2423.727783203125,1002061
2023-08-09,HUL,2565.85009765625,2568.949951171875,2541.0,2552.199951171875,2410.833740234375,1212549
2023-08-10,HUL,2549.050048828125,2551.39990234375,2527.60009765625,2536.699951171875,2396.1923828125,1313334
2023-08-11,HUL,2535.0,2536.64990234375,2499.0,2501.800048828125,2363.225830078125,1472199
2023-08-14,HUL,2501.800048828125,2540.0,2488.10009765625,2533.10009765625,2392.7919921875,1060479
2023-08-16,HUL,2534.0,2555.050048828125,2524.39990234375,2552.60009765625,2411.2119140625,1155882
2023-08-17,HUL,2552.60009765625,2560.64990234375,2533.0,2543.25,2402.379150390625,1532873
2023-08-18,HUL,2532.10009765625,2567.75,2532.10009765625,2554.75,2413.24267578125,1970819
2023-08-21,HUL,2554.75,2574.89990234375,2539.050048828125,2562.75,2420.799560546875,977004
2023-08-22,HUL,2573.60009765625,2575.0,2553.0,2565.800048828125,2423.680419921875,960025
2023-08-23,HUL,2575.0,2583.5,2562.5,2574.050048828125,2431.4736328125,1136112
2023-08-24,HUL,2585.0,2591.75,2566.949951171875,2581.25,2438.274658203125,1143934
2023-08-25,HUL,2567.0,2580.699951171875,2551.5,2563.550048828125,2421.55517578125,802955
2023-08-28,HUL,2565.0,2568.0,2539.0,2555.699951171875,2414.139892578125,619841
2023-08-29,HUL,2558.89990234375,2558.89990234375,2522.10009765625,2526.14990234375,2386.226806640625,958564
2023-08-30,HUL,2526.14990234375,2536.0,2520.0,2531.949951171875,2391.70556640625,1227377
2023-08-31,HUL,2532.050048828125,2539.800048828125,2491.10009765625,2505.050048828125,2366.295654296875,3235414
2023-09-01,HUL,2505.050048828125,2514.5,2500.0,2504.800048828125,2366.059326171875,813413
2023-09-04,HUL,2514.0,2514.0,2492.0,2501.39990234375,2362.847900390625,1143301
2023-09-05,HUL,2510.0,2523.449951171875,2502.10009765625,2507.050048828125,2368.184814453125,844088
2023-09-06,HUL,2513.449951171875,2526.10009765625,2507.449951171875,2523.5,2383.723388671875,1094146
2023-09-07,HUL,2510.0,2521.85009765625,2500.0,2507.449951171875,2368.562255859375,1894798
2023-09-08,HUL,2504.0,2521.050048828125,2501.550048828125,2513.800048828125,2374.560546875,1018234
2023-09-11,HUL,2513.800048828125,2538.89990234375,2509.050048828125,2536.25,2395.767333984375,1121083
2023-09-12,HUL,2549.0,2549.0,2488.0,2498.85009765625,2360.43896484375,3946716
2023-09-13,HUL,2494.0,2509.0,2492.0,2506.550048828125,2367.712646484375,1231305
2023-09-14,HUL,2511.0,2514.0,2493.10009765625,2500.800048828125,2362.281005859375,2081195
2023-09-15,HUL,2474.800048828125,2490.0,2466.0,2469.699951171875,2332.9033203125,3750697
2023-09-18,HUL,2471.35009765625,2492.949951171875,2462.0,2488.64990234375,2350.8037109375,1499641
2023-09-20,HUL,2449.64990234375,2480.0,2445.0,2466.85009765625,2330.21142578125,1795159
2023-09-21,HUL,2466.0,2483.0,2442.89990234375,2473.35009765625,2336.3515625,2223720
2023-09-22,HUL,2468.0,2490.0,2458.0,2482.449951171875,2344.947021484375,1176741
2023-09-25,HUL,2482.449951171875,2499.699951171875,2460.0,2475.85009765625,2338.713134765625,1122778
2023-09-26,HUL,2474.0,2489.0,2461.25,2478.949951171875,2341.64111328125,1263548
2023-09-27,HUL,2476.0,2504.800048828125,2469.0,2501.75,2363.17822265625,1086791
2023-09-28,HUL,2500.0,2501.0,2453.199951171875,2460.35009765625,2324.071533203125,1612346
2023-09-29,HUL,2465.550048828125,2472.800048828125,2450.5,2465.60009765625,2329.030517578125,1249567
2023-10-03,HUL,2490.0,2499.0,2461.800048828125,2468.89990234375,2332.14794921875,1585626
2023-10-04,HUL,2467.050048828125,2511.050048828125,2465.14990234375,2507.85009765625,2368.940673828125,1587335
2023-10-05,HUL,2518.0,2524.800048828125,2495.35009765625,2519.550048828125,2379.992431640625,1909928
2023-10-06,HUL,2519.949951171875,2520.0,2494.0,2499.39990234375,2360.958251953125,1083342
2023-10-09,HUL,2485.0,2516.5,2481.0,2511.300048828125,2372.199462890625,1468771
2023-10-10,HUL,2512.199951171875,2520.85009765625,2503.35009765625,2516.199951171875,2376.827880859375,1092373
2023-10-11,HUL,2518.35009765625,2563.949951171875,2516.25,2556.39990234375,2414.801025390625,1697398
2023-10-12,HUL,2555.0,2567.550048828125,2539.199951171875,2557.0,2415.367919921875,1625010
2023-10-13,HUL,2553.050048828125,2576.699951171875,2542.699951171875,2569.449951171875,2427.1279296875,1531977
2023-10-16,HUL,2560.0,2582.0,2552.60009765625,2558.300048828125,2416.59619140625,954899
2023-10-17,HUL,2558.300048828125,2570.0,2546.449951171875,2556.14990234375,2414.56494140625,1253538
2023-10-18,HUL,2570.050048828125,2571.25,2539.550048828125,2548.25,2407.102783203125,1084689
2023-10-19,HUL,2525.0,2554.39990234375,2525.0,2548.10009765625,2406.961181640625,1272343
2023-10-20,HUL,2520.0,2543.550048828125,2485.050048828125,2495.14990234375,2356.94384765625,3608160
2023-10-23,HUL,2494.0,2509.949951171875,2480.35009765625,2483.5,2345.93896484375,922707
2023-10-25,HUL,2475.050048828125,2490.0,2465.0,2477.300048828125,2340.082275390625,1435836
2023-10-26,HUL,2461.0,2490.0,2455.64990234375,2476.39990234375,2339.232177734375,2650560
2023-10-27,HUL,2467.300048828125,2495.0,2463.85009765625,2482.050048828125,2344.5693359375,1784812
2023-10-30,HUL,2471.0,2492.0,2462.39990234375,2478.89990234375,2341.593994140625,875135
2023-10-31,HUL,2470.199951171875,2492.0,2467.800048828125,2484.0,2346.411376953125,920414
2023-11-01,HUL,2485.0,2493.949951171875,2466.800048828125,2472.25,2335.3125,1267131
2023-11-02,HUL,2475.0,2496.0,2463.300048828125,2486.800048828125,2366.284912109375,1595123
2023-11-03,HUL,2497.0,2512.5,2485.800048828125,2509.25,2387.64697265625,1125583
2023-11-06,HUL,2515.0,2517.75,2491.10009765625,2497.39990234375,2376.37109375,1338677
2023-11-07,HUL,2496.0,2505.199951171875,2485.25,2496.449951171875,2375.46728515625,1473411
2023-11-08,HUL,2498.0,2525.0,2497.699951171875,2519.35009765625,2397.257568359375,745022
2023-11-09,HUL,2520.050048828125,2522.0,2473.050048828125,2476.699951171875,2356.67431640625,1823094
2023-11-10,HUL,2477.0,2488.60009765625,2465.35009765625,2486.550048828125,2366.047119140625,771062
2023-11-13,HUL,2477.199951171875,2487.199951171875,2471.0,2478.14990234375,2358.0537109375,760809
2023-11-15,HUL,2501.89990234375,2503.050048828125,2476.0,2486.39990234375,2365.904296875,1457029
2023-11-16,HUL,2480.199951171875,2505.800048828125,2475.35009765625,2491.199951171875,2370.47119140625,1420578
2023-11-17,HUL,2465.0,2533.5,2465.0,2528.800048828125,2406.24951171875,1756043
2023-11-20,HUL,2534.449951171875,2534.5,2500.0,2506.449951171875,2384.982421875,944231
2023-11-21,HUL,2505.0,2517.0,2498.0,2505.25,2383.840576171875,1088806
2023-11-22,HUL,2507.75,2524.25,2504.0,2521.89990234375,2399.683837890625,816610
2023-11-23,HUL,2506.199951171875,2527.75,2506.199951171875,2519.89990234375,2397.78076171875,1023670
2023-11-24,HUL,2515.10009765625,2519.800048828125,2507.449951171875,2515.199951171875,2393.308349609375,735137
2023-11-28,HUL,2531.75,2531.75,2500.0,2510.550048828125,2388.884033203125,1880641
2023-11-29,HUL,2512.0,2528.64990234375,2508.10009765625,2525.050048828125,2402.68115234375,1265214
2023-11-30,HUL,2516.14990234375,2554.5,2516.14990234375,2545.550048828125,2422.187744140625,3095684
2023-12-01,HUL,2547.5,2581.949951171875,2542.0,2563.64990234375,2439.410400390625,1345599
2023-12-04,HUL,2577.0,2608.39990234375,2575.0,2602.300048828125,2476.1875,2188039
2023-12-05,HUL,2637.0,2637.0,2556.300048828125,2563.25,2439.0302734375,3108717
2023-12-06,HUL,2570.0,2583.699951171875,2563.0,2567.64990234375,2443.216796875,1573754
2023-12-07,HUL,2551.10009765625,2559.800048828125,2498.60009765625,2518.25,2396.21044921875,3925967
2023-12-08,HUL,2519.0,2533.949951171875,2508.300048828125,2522.300048828125,2400.064697265625,1605805
2023-12-11,HUL,2522.300048828125,2529.949951171875,2499.0,2503.64990234375,2382.318359375,2012243
2023-12-12,HUL,2500.0,2518.0,2497.0,2502.75,2381.4619140625,1677929
2023-12-13,HUL,2507.85009765625,2516.699951171875,2498.050048828125,2511.89990234375,2390.168212890625,1513205
2023-12-14,HUL,2521.35009765625,2524.800048828125,2501.199951171875,2516.35009765625,2394.402587890625,2166569
2023-12-15,HUL,2520.0,2532.0,2507.0,2522.89990234375,2400.63525390625,2543337
2023-12-18,HUL,2520.14990234375,2544.5,2515.0,2535.5,2412.624755859375,1969036
2023-12-19,HUL,2535.050048828125,2566.949951171875,2535.0,2560.699951171875,2436.603271484375,1656220
2023-12-20,HUL,2572.949951171875,2572.949951171875,2547.0,2557.5,2433.558349609375,1468642
2023-12-21,HUL,2542.25,2580.0,2536.0,2553.199951171875,2429.467041015625,1945695
2023-12-22,HUL,2559.199951171875,2579.75,2546.800048828125,2575.60009765625,2450.78173828125,1174984
2023-12-26,HUL,2575.60009765625,2591.64990234375,2567.050048828125,2584.75,2459.488037109375,893776
2023-12-27,HUL,2586.0,2612.0,2580.89990234375,2608.300048828125,2481.89697265625,1073278
2023-12-28,HUL,2613.85009765625,2640.0,2606.85009765625,2633.800048828125,2506.1611328125,1635216
2023-12-29,HUL,2633.800048828125,2667.10009765625,2621.25,2663.949951171875,2534.849609375,1305681
2024-01-01,HUL,2663.85009765625,2669.39990234375,2638.0,2654.75,2526.095703125,526353
2024-01-02,HUL,2648.0,2653.949951171875,2607.0,2613.800048828125,2487.130126953125,1310629
2024-01-03,HUL,2599.0,2628.60009765625,2595.550048828125,2606.550048828125,2480.2314453125,1008270
2024-01-04,HUL,2606.550048828125,2623.0,2588.050048828125,2592.550048828125,2466.909912109375,1376844
2024-01-05,HUL,2595.0,2629.89990234375,2595.0,2620.050048828125,2493.07763671875,1150738
2024-01-08,HUL,2624.949951171875,2626.0,2566.5,2578.25,2453.302978515625,1189828
2024-01-09,HUL,2582.550048828125,2589.0,2571.550048828125,2579.75,2454.730224609375,1017205
2024-01-10,HUL,2580.0,2594.300048828125,2565.0,2577.39990234375,2452.493896484375,881278
2024-01-11,HUL,2580.0,2589.0,2531.85009765625,2536.199951171875,2413.290771484375,2399600
2024-01-12,HUL,2533.5,2555.0,2511.85009765625,2544.0,2420.713134765625,2979841
2024-01-15,HUL,2546.0,2578.75,2531.0,2573.199951171875,2448.497802734375,1391204
2024-01-16,HUL,2573.199951171875,2584.60009765625,2556.35009765625,2569.10009765625,2444.5966796875,1599406
2024-01-17,HUL,2549.0,2571.35009765625,2539.75,2562.89990234375,2438.69677734375,3047652
2024-01-18,HUL,2570.0,2570.0,2537.550048828125,2548.0,2424.51904296875,1273095
2024-01-19,HUL,2565.0,2573.949951171875,2532.0,2565.39990234375,2441.07568359375,1323064
2024-01-23,HUL,2451.0,2480.5,2365.449951171875,2375.550048828125,2260.42626953125,4369332
2024-01-24,HUL,2388.0,2445.89990234375,2367.14990234375,2441.64990234375,2323.32275390625,1551469
2024-01-25,HUL,2454.800048828125,2468.0,2420.199951171875,2428.300048828125,2310.619873046875,2364765
2024-01-29,HUL,2410.0,2449.0,2410.0,2444.39990234375,2325.93994140625,1587091
2024-01-30,HUL,2454.0,2494.550048828125,2447.300048828125,2458.64990234375,2339.49853515625,1793711
2024-01-31,HUL,2450.0,2485.89990234375,2441.75,2481.550048828125,2361.289306640625,1445004
2024-02-01,HUL,2475.10009765625,2511.550048828125,2468.35009765625,2473.60009765625,2353.724853515625,1727534
2024-02-02,HUL,2477.0,2486.89990234375,2442.0,2452.60009765625,2333.7421875,1956115
2024-02-05,HUL,2464.0,2464.75,2412.75,2419.5,2302.24609375,1315445
2024-02-06,HUL,2424.949951171875,2441.35009765625,2418.050048828125,2426.35009765625,2308.76416015625,1557511
2024-02-07,HUL,2439.89990234375,2439.89990234375,2411.550048828125,2425.449951171875,2307.907958984375,1149076
2024-02-08,HUL,2441.800048828125,2441.800048828125,2399.0,2417.050048828125,2299.9150390625,1758661
2024-02-09,HUL,2417.050048828125,2428.449951171875,2406.10009765625,2424.14990234375,2306.670654296875,886474
2024-02-12,HUL,2424.10009765625,2429.85009765625,2382.0,2385.64990234375,2270.036376953125,1292460
2024-02-13,HUL,2390.0,2400.949951171875,2380.10009765625,2394.0,2277.982177734375,957865
2024-02-14,HUL,2385.0,2394.0,2370.0,2387.949951171875,2272.225341796875,1397975
2024-02-15,HUL,2368.35009765625,2384.699951171875,2346.75,2350.85009765625,2236.92333984375,2553695
2024-02-16,HUL,2369.949951171875,2382.0,2357.60009765625,2375.25,2260.140625,2363302
2024-02-19,HUL,2389.5,2394.949951171875,2373.800048828125,2387.14990234375,2271.4638671875,576683
2024-02-20,HUL,2370.10009765625,2408.449951171875,2368.199951171875,2404.10009765625,2287.5927734375,1032995
2024-02-21,HUL,2404.10009765625,2422.800048828125,2394.10009765625,2407.10009765625,2290.447265625,1127778
2024-02-22,HUL,2420.300048828125,2420.300048828125,2365.75,2388.10009765625,2272.367919921875,2258516
2024-02-23,HUL,2388.550048828125,2405.5,2383.949951171875,2394.10009765625,2278.077392578125,1210775
2024-02-26,HUL,2391.10009765625,2406.550048828125,2380.0,2404.25,2287.7353515625,831596
2024-02-27,HUL,2404.050048828125,2408.949951171875,2389.14990234375,2405.300048828125,2288.734619140625,1120424
2024-02-28,HUL,2411.10009765625,2425.0,2401.0,2421.550048828125,2304.197021484375,629152
2024-02-29,HUL,2425.0,2428.800048828125,2397.25,2412.300048828125,2295.395263671875,2848084
2024-03-01,HUL,2416.949951171875,2438.800048828125,2404.0,2409.699951171875,2292.92138671875,2326244
2024-03-04,HUL,2416.199951171875,2427.89990234375,2404.39990234375,2422.0,2304.625244140625,1501261
2024-03-05,HUL,2405.0,2420.0,2391.10009765625,2399.85009765625,2283.548828125,1587199
2024-03-06,HUL,2404.0,2408.85009765625,2375.300048828125,2400.800048828125,2284.452392578125,1354111
2024-03-07,HUL,2404.949951171875,2426.0,2403.0,2419.550048828125,2302.293701171875,1820704
2024-03-11,HUL,2409.0,2413.0,2383.550048828125,2389.85009765625,2274.033447265625,2040761
2024-03-12,HUL,2380.0,2385.0,2360.800048828125,2378.14990234375,2262.900146484375,1012157
2024-03-13,HUL,2375.0,2375.0,2303.85009765625,2312.60009765625,2200.52685546875,2322669
2024-03-14,HUL,2304.85009765625,2341.699951171875,2301.85009765625,2334.60009765625,2221.4609375,2292515
2024-03-15,HUL,2330.050048828125,2336.949951171875,2315.89990234375,2327.699951171875,2214.895263671875,2751403
2024-03-18,HUL,2320.800048828125,2325.0,2297.0,2299.949951171875,2188.489990234375,2487402
2024-03-19,HUL,2283.25,2303.89990234375,2246.85009765625,2266.949951171875,2157.08935546875,4220638
2024-03-20,HUL,2250.0,2265.449951171875,2240.0,2241.949951171875,2133.300537109375,2995013
2024-03-21,HUL,2234.0,2259.14990234375,2234.0,2242.35009765625,2133.681396484375,3504486
2024-03-22,HUL,2239.050048828125,2266.0,2232.050048828125,2256.550048828125,2147.193603515625,3507809
2024-03-26,HUL,2232.10009765625,2259.14990234375,2232.0,2240.0,2131.4453125,3027027
2024-03-27,HUL,2250.0,2263.0,2236.0,2239.699951171875,2131.159423828125,2168861
2024-03-28,HUL,2245.0,2287.89990234375,2240.10009765625,2264.35009765625,2154.615234375,3186360
2024-04-01,HUL,2270.0,2295.0,2262.0,2285.89990234375,2175.120849609375,1427873
2024-04-02,HUL,2298.0,2298.0,2277.050048828125,2286.699951171875,2175.882080078125,1221495
2024-04-03,HUL,2281.85009765625,2281.85009765625,2261.050048828125,2265.199951171875,2155.424072265625,1175309
2024-04-04,HUL,2270.0,2282.0,2249.25,2264.949951171875,2155.18603515625,1890255
2024-04-05,HUL,2264.949951171875,2280.5,2258.10009765625,2266.949951171875,2157.08935546875,1153449
2024-04-08,HUL,2277.0,2288.949951171875,2267.199951171875,2268.949951171875,2158.9921875,1127294
2024-04-09,HUL,2271.0,2274.60009765625,2255.75,2264.14990234375,2154.4248046875,1189343
2024-04-10,HUL,2276.89990234375,2276.89990234375,2257.699951171875,2260.89990234375,2151.332275390625,2308993
2024-04-12,HUL,2260.89990234375,2264.85009765625,2228.60009765625,2232.300048828125,2124.118408203125,3388551
2024-04-15,HUL,2227.699951171875,2227.75,2190.0,2194.050048828125,2087.72216796875,4909564
2024-04-16,HUL,2183.0,2231.25,2172.050048828125,2220.800048828125,2113.17578125,2821129
2024-04-18,HUL,2215.050048828125,2237.699951171875,2209.050048828125,2214.800048828125,2107.466796875,3392171
2024-04-19,HUL,2220.0,2243.75,2196.0,2231.60009765625,2123.452392578125,2337694
2024-04-22,HUL,2250.0,2253.550048828125,2229.050048828125,2241.5,2132.87255859375,1804108
2024-04-23,HUL,2253.0,2273.5,2248.699951171875,2262.75,2153.0927734375,1991778
2024-04-24,HUL,2266.050048828125,2268.35009765625,2245.64990234375,2260.25,2150.7138671875,1404398
2024-04-25,HUL,2238.050048828125,2239.85009765625,2215.10009765625,2230.85009765625,2122.73876953125,4951866
2024-04-26,HUL,2245.0,2255.0,2218.60009765625,2222.64990234375,2114.93603515625,2307512
2024-04-29,HUL,2234.0,2234.0,2220.0,2226.10009765625,2118.218994140625,1395292
2024-04-30,HUL,2232.050048828125,2240.25,2225.0,2230.449951171875,2122.358154296875,2119102
2024-05-02,HUL,2205.050048828125,2243.199951171875,2205.050048828125,2226.300048828125,2118.4091796875,2140383
2024-05-03,HUL,2232.0,2235.64990234375,2204.0,2217.050048828125,2109.607421875,2595307
2024-05-06,HUL,2225.0,2261.5,2212.0,2256.199951171875,2146.860107421875,1619256
2024-05-07,HUL,2266.0,2389.60009765625,2259.0,2379.39990234375,2264.08935546875,8277810
2024-05-08,HUL,2366.39990234375,2372.25,2325.0,2341.050048828125,2227.59814453125,1813439
2024-05-09,HUL,2340.60009765625,2362.10009765625,2319.449951171875,2325.64990234375,2212.944580078125,1558987
2024-05-10,HUL,2321.0,2371.0,2321.0,2362.550048828125,2248.056396484375,2610266
2024-05-13,HUL,2374.0,2381.64990234375,2347.89990234375,2360.64990234375,2246.248291015625,1170617
2024-05-14,HUL,2360.60009765625,2372.300048828125,2346.75,2349.60009765625,2235.73388671875,689430
2024-05-15,HUL,2349.550048828125,2355.800048828125,2317.64990234375,2323.300048828125,2210.708251953125,812282
2024-05-16,HUL,2337.0,2348.10009765625,2301.35009765625,2343.14990234375,2229.59619140625,1880021
2024-05-17,HUL,2351.89990234375,2351.89990234375,2315.10009765625,2320.35009765625,2207.9013671875,1264582
2024-05-21,HUL,2307.0,2324.800048828125,2301.75,2310.699951171875,2198.71875,1663959
2024-05-22,HUL,2311.0,2374.0,2310.699951171875,2366.89990234375,2252.195068359375,1914851
2024-05-23,HUL,2366.89990234375,2386.800048828125,2355.0,2382.5,2267.039306640625,1614718
2024-05-24,HUL,2378.5,2383.25,2364.699951171875,2369.050048828125,2254.2412109375,974100
2024-05-27,HUL,2369.050048828125,2399.949951171875,2362.5,2384.5,2268.942626953125,1116934
2024-05-28,HUL,2390.0,2409.0,2378.550048828125,2395.949951171875,2279.83740234375,1631747
2024-05-29,HUL,2381.199951171875,2395.0,2369.39990234375,2373.39990234375,2258.38037109375,1592495
2024-05-30,HUL,2368.0,2372.449951171875,2334.050048828125,2351.39990234375,2237.446533203125,1837380
2024-05-31,HUL,2353.0,2377.449951171875,2317.60009765625,2329.050048828125,2216.179931640625,5529186
2024-06-03,HUL,2381.0,2387.449951171875,2344.300048828125,2355.89990234375,2241.728271484375,1207445
2024-06-04,HUL,2374.0,2510.050048828125,2342.10009765625,2496.300048828125,2375.324462890625,7826048
2024-06-05,HUL,2533.550048828125,2723.949951171875,2525.0,2602.75,2476.615966796875,11061076
2024-06-06,HUL,2600.0,2600.0,2518.0,2549.60009765625,2426.041748046875,4102547
2024-06-07,HUL,2555.300048828125,2596.5,2525.0,2577.800048828125,2452.875,3974253
2024-06-10,HUL,2579.0,2593.64990234375,2546.0,2565.35009765625,2441.028076171875,1449122
2024-06-11,HUL,2566.0,2576.699951171875,2551.300048828125,2556.35009765625,2432.464599609375,1402423
2024-06-12,HUL,2568.0,2568.0,2517.0,2528.699951171875,2406.154296875,1754677
2024-06-13,HUL,2487.949951171875,2505.800048828125,2446.449951171875,2487.39990234375,2366.855712890625,3123098
2024-06-14,HUL,2473.0,2510.39990234375,2470.39990234375,2479.75,2382.56494140625,1729552
2024-06-18,HUL,2479.89990234375,2498.0,2473.14990234375,2486.25,2388.810302734375,1820933
2024-06-19,HUL,2495.0,2495.0,2451.5,2457.0,2360.70654296875,986976
2024-06-20,HUL,2457.0,2490.0,2446.64990234375,2482.199951171875,2384.9189453125,2163310
2024-06-21,HUL,2475.0,2478.0,2426.550048828125,2441.300048828125,2345.6220703125,3646215
2024-06-24,HUL,2435.0,2467.85009765625,2427.050048828125,2442.199951171875,2346.48681640625,1945519
2024-06-25,HUL,2439.35009765625,2446.699951171875,2427.89990234375,2432.199951171875,2336.878662109375,833789
2024-06-26,HUL,2437.0,2467.0,2432.39990234375,2445.60009765625,2349.753173828125,1738656
2024-06-27,HUL,2449.949951171875,2483.199951171875,2436.0,2462.14990234375,2365.654541015625,3402726
2024-06-28,HUL,2463.0,2490.5,2462.85009765625,2473.050048828125,2376.12744140625,2129791
2024-07-01,HUL,2461.050048828125,2523.0,2450.10009765625,2505.10009765625,2406.92138671875,3312865
2024-07-02,HUL,2515.0,2515.0,2479.35009765625,2485.14990234375,2387.75341796875,1305210
2024-07-03,HUL,2486.64990234375,2519.85009765625,2474.300048828125,2510.35009765625,2411.966064453125,1406405
2024-07-04,HUL,2515.050048828125,2536.85009765625,2492.89990234375,2495.949951171875,2398.1298828125,1977010
2024-07-05,HUL,2495.949951171875,2554.0,2495.949951171875,2547.0,2447.179443359375,1754286
2024-07-08,HUL,2560.0,2595.0,2536.25,2587.14990234375,2485.755615234375,2818809
2024-07-09,HUL,2587.14990234375,2614.0,2568.0,2590.14990234375,2488.63818359375,1479529
2024-07-10,HUL,2581.0,2626.0,2573.0,2610.449951171875,2508.142822265625,1764036
2024-07-11,HUL,2617.0,2617.050048828125,2590.050048828125,2608.85009765625,2506.60546875,1432671
2024-07-12,HUL,2601.0,2639.5,2601.0,2622.25,2519.48046875,1912642
2024-07-15,HUL,2628.0,2629.25,2613.64990234375,2620.300048828125,2517.6064453125,920101
2024-07-16,HUL,2625.949951171875,2725.0,2624.550048828125,2688.449951171875,2583.085693359375,3298003
2024-07-18,HUL,2700.0,2751.199951171875,2655.0,2738.39990234375,2631.078125,5569762
2024-07-19,HUL,2739.0,2743.0,2715.949951171875,2727.0,2620.124755859375,1668862
2024-07-22,HUL,2705.699951171875,2749.949951171875,2705.64990234375,2735.300048828125,2628.099365234375,1911629
2024-07-23,HUL,2746.0,2811.300048828125,2732.0,2766.35009765625,2657.9326171875,3906259
2024-07-24,HUL,2748.0,2757.449951171875,2675.10009765625,2717.050048828125,2610.56494140625,3611927
2024-07-25,HUL,2717.050048828125,2724.85009765625,2670.0,2707.199951171875,2601.100830078125,2166670
2024-07-26,HUL,2724.0,2727.0,2687.25,2711.050048828125,2604.80029296875,2135309
2024-07-29,HUL,2711.199951171875,2720.0,2692.800048828125,2711.60009765625,2605.328369140625,957011
2024-07-30,HUL,2715.60009765625,2754.35009765625,2685.39990234375,2691.39990234375,2585.919677734375,1560399
2024-07-31,HUL,2705.0,2709.64990234375,2675.050048828125,2705.64990234375,2599.611572265625,1751085
2024-08-01,HUL,2714.0,2724.949951171875,2695.199951171875,2715.550048828125,2609.12353515625,1886392
2024-08-02,HUL,2712.0,2759.5,2681.14990234375,2692.550048828125,2587.025146484375,1738872
2024-08-05,HUL,2675.949951171875,2742.0,2666.199951171875,2715.89990234375,2609.459716796875,3118731
2024-08-06,HUL,2720.10009765625,2771.75,2708.64990234375,2750.050048828125,2642.271728515625,2296031
2024-08-07,HUL,2781.699951171875,2781.85009765625,2735.5,2744.050048828125,2636.50634765625,1713875
2024-08-08,HUL,2754.0,2759.25,2720.39990234375,2733.199951171875,2626.08154296875,1464161
2024-08-09,HUL,2756.0,2758.0,2718.60009765625,2747.199951171875,2639.533203125,1284031
2024-08-12,HUL,2738.0,2763.39990234375,2722.39990234375,2748.699951171875,2640.97412109375,1297178
2024-08-13,HUL,2742.0,2757.64990234375,2730.10009765625,2741.39990234375,2633.96044921875,1051237
2024-08-14,HUL,2741.0,2742.550048828125,2706.60009765625,2722.050048828125,2615.368896484375,946995
2024-08-16,HUL,2737.89990234375,2753.60009765625,2710.699951171875,2748.25,2640.5419921875,1727926
2024-08-19,HUL,2750.050048828125,2759.75,2737.050048828125,2742.550048828125,2635.0654296875,1130327
2024-08-20,HUL,2742.550048828125,2756.25,2735.050048828125,2751.050048828125,2643.232421875,1097889
2024-08-21,HUL,2749.5,2795.10009765625,2742.949951171875,2791.199951171875,2681.80859375,1417729
2024-08-22,HUL,2802.949951171875,2810.0,2782.10009765625,2792.800048828125,2683.345947265625,1552947
2024-08-23,HUL,2799.199951171875,2821.0,2771.35009765625,2815.60009765625,2705.25244140625,2111401
2024-08-26,HUL,2815.60009765625,2834.949951171875,2803.60009765625,2821.14990234375,2710.584716796875,1152244
2024-08-27,HUL,2809.0,2824.10009765625,2759.550048828125,2766.89990234375,2658.460693359375,1357212
2024-08-28,HUL,2760.0,2781.75,2745.75,2764.35009765625,2656.01123046875,1723549
2024-08-29,HUL,2769.949951171875,2810.0,2745.0,2785.25,2676.091796875,2129934
2024-08-30,HUL,2795.699951171875,2816.300048828125,2760.10009765625,2778.0,2669.126220703125,4029712
2024-09-02,HUL,2794.0,2808.89990234375,2779.0,2789.050048828125,2679.7431640625,957950
2024-09-03,HUL,2780.0,2827.949951171875,2775.0,2794.300048828125,2684.787109375,2022116
2024-09-04,HUL,2780.0,2843.85009765625,2771.64990234375,2841.25,2729.897216796875,1640986
2024-09-05,HUL,2840.050048828125,2855.0,2823.64990234375,2838.449951171875,2727.20703125,1945173
2024-09-06,HUL,2828.10009765625,2866.449951171875,2828.10009765625,2838.949951171875,2727.6875,1672730
2024-09-09,HUL,2853.10009765625,2938.199951171875,2843.199951171875,2921.800048828125,2807.29052734375,3342754
2024-09-10,HUL,2934.0,2937.60009765625,2887.5,2898.60009765625,2784.99951171875,1536584
2024-09-11,HUL,2911.60009765625,2950.0,2898.10009765625,2904.14990234375,2790.33203125,1913665
2024-09-12,HUL,2911.0,2963.39990234375,2894.199951171875,2956.39990234375,2840.5341796875,2454564
2024-09-13,HUL,2956.39990234375,2956.39990234375,2918.5,2932.949951171875,2818.003173828125,1902001
2024-09-16,HUL,2910.0,2910.0,2807.39990234375,2867.10009765625,2754.734130859375,1489057
2024-09-17,HUL,2867.10009765625,2913.89990234375,2860.10009765625,2873.5,2760.88330078125,1098661
2024-09-18,HUL,2874.0,2893.550048828125,2861.699951171875,2875.85009765625,2763.141357421875,464796
2024-09-19,HUL,2876.25,2934.300048828125,2873.35009765625,2911.75,2797.63427734375,1713010
2024-09-20,HUL,2924.800048828125,2989.35009765625,2895.39990234375,2977.60009765625,2860.903564453125,3641632
2024-09-23,HUL,2980.0,3035.0,2969.949951171875,3028.550048828125,2909.856689453125,1300470
2024-09-24,HUL,3020.0,3020.0,2946.10009765625,2950.550048828125,2834.913330078125,1929308
2024-09-25,HUL,2950.550048828125,2960.35009765625,2905.10009765625,2948.949951171875,2833.376220703125,1055354
2024-09-26,HUL,2951.10009765625,2992.85009765625,2941.199951171875,2986.10009765625,2869.070556640625,1902889
2024-09-27,HUL,2986.10009765625,3030.0,2952.75,2966.25,2849.99853515625,2977081
2024-09-30,HUL,2964.199951171875,2997.89990234375,2942.60009765625,2958.300048828125,2842.360107421875,1627702
2024-10-01,HUL,2962.699951171875,2962.699951171875,2891.39990234375,2923.75,2809.163818359375,1184642
2024-10-03,HUL,2908.75,2923.10009765625,2861.10009765625,2893.35009765625,2779.95556640625,1233447
2024-10-04,HUL,2891.0,2914.0,2817.050048828125,2848.75,2737.103515625,2456486
2024-10-07,HUL,2845.0,2866.449951171875,2825.050048828125,2833.39990234375,2722.354736328125,1280975
2024-10-08,HUL,2844.0,2886.0,2798.699951171875,2818.800048828125,2708.326904296875,1761488
2024-10-09,HUL,2823.39990234375,2825.85009765625,2760.699951171875,2768.949951171875,2660.4306640625,1476282
2024-10-10,HUL,2770.0,2787.39990234375,2733.199951171875,2754.699951171875,2646.7392578125,2065078
2024-10-11,HUL,2764.800048828125,2790.0,2737.050048828125,2783.199951171875,2674.122314453125,679307
2024-10-14,HUL,2791.60009765625,2804.699951171875,2765.0,2789.10009765625,2679.791259765625,874010
2024-10-15,HUL,2793.10009765625,2799.300048828125,2765.25,2781.449951171875,2672.44091796875,1082666
2024-10-16,HUL,2789.14990234375,2797.550048828125,2755.60009765625,2781.25,2672.248779296875,1170797
2024-10-17,HUL,2779.449951171875,2782.0,2723.449951171875,2738.64990234375,2631.318115234375,1368242
2024-10-18,HUL,2738.64990234375,2740.0,2693.449951171875,2717.10009765625,2610.61279296875,1137277
2024-10-21,HUL,2715.0,2738.0,2680.449951171875,2693.550048828125,2587.98583984375,792345
2024-10-22,HUL,2685.10009765625,2710.0,2673.75,2681.699951171875,2576.600341796875,1272253
2024-10-23,HUL,2621.0,2693.050048828125,2621.0,2659.300048828125,2555.078125,1431962
2024-10-24,HUL,2647.0,2647.0,2452.60009765625,2505.10009765625,2406.92138671875,9216267
2024-10-25,HUL,2502.300048828125,2540.0,2500.10009765625,2528.050048828125,2428.9716796875,2761166
2024-10-28,HUL,2544.0,2589.60009765625,2520.10009765625,2575.800048828125,2474.8505859375,852829
2024-10-29,HUL,2585.699951171875,2585.699951171875,2536.0,2547.64990234375,2447.8037109375,1695654
2024-10-30,HUL,2557.0,2563.300048828125,2533.39990234375,2554.949951171875,2454.81787109375,1200637
2024-10-31,HUL,2554.949951171875,2563.5,2524.10009765625,2528.25,2429.1640625,1901355
2024-11-01,HUL,2543.949951171875,2545.949951171875,2511.35009765625,2537.5,2438.0517578125,118532
2024-11-04,HUL,2547.0,2547.0,2503.5,2524.800048828125,2425.849365234375,1097260
2024-11-05,HUL,2520.0,2530.25,2507.0,2521.35009765625,2422.53466796875,702046
2024-11-06,HUL,2515.199951171875,2522.10009765625,2495.0,2500.699951171875,2430.65087890625,1219166
2024-11-07,HUL,2500.699951171875,2509.89990234375,2466.10009765625,2475.5,2406.15673828125,1322446
2024-11-08,HUL,2483.949951171875,2515.25,2467.300048828125,2507.699951171875,2437.45458984375,1700877
2024-11-11,HUL,2509.0,2514.89990234375,2475.050048828125,2491.050048828125,2421.271240234375,1175577
2024-11-12,HUL,2495.0,2496.949951171875,2456.0,2461.5,2392.548828125,1624222
2024-11-13,HUL,2462.10009765625,2472.800048828125,2450.39990234375,2464.949951171875,2395.902099609375,1262017
2024-11-14,HUL,2460.39990234375,2464.699951171875,2383.699951171875,2389.199951171875,2322.27392578125,2443393
2024-11-18,HUL,2401.14990234375,2425.0,2375.75,2422.89990234375,2355.02978515625,1374215
2024-11-19,HUL,2431.89990234375,2440.199951171875,2405.10009765625,2410.35009765625,2342.83154296875,1133370
2024-11-21,HUL,2424.75,2424.75,2376.10009765625,2382.800048828125,2316.05322265625,1291829
2024-11-22,HUL,2390.949951171875,2452.10009765625,2377.85009765625,2445.25,2376.75390625,1696471
2024-11-25,HUL,2470.0,2505.699951171875,2457.60009765625,2471.449951171875,2402.219970703125,4368045
2024-11-26,HUL,2486.25,2494.949951171875,2460.39990234375,2479.199951171875,2409.7529296875,982442
2024-11-27,HUL,2475.14990234375,2492.949951171875,2458.0,2486.89990234375,2417.237060546875,948232
2024-11-28,HUL,2486.0,2539.14990234375,2453.199951171875,2462.199951171875,2393.22900390625,2540530
2024-11-29,HUL,2455.10009765625,2507.5,2455.10009765625,2496.14990234375,2426.22802734375,1795164
2024-12-02,HUL,2485.0,2490.5,2460.550048828125,2479.14990234375,2409.704345703125,1006993
2024-12-03,HUL,2480.0,2491.449951171875,2466.0,2482.85009765625,2413.30078125,1641588
2024-12-04,HUL,2481.10009765625,2493.0,2456.550048828125,2464.5,2395.464599609375,1321495
2024-12-05,HUL,2465.60009765625,2515.0,2450.050048828125,2494.60009765625,2424.7216796875,2071795
2024-12-06,HUL,2495.0,2495.800048828125,2475.0,2483.800048828125,2414.22412109375,1308086
2024-12-09,HUL,2465.0,2476.949951171875,2383.300048828125,2400.75,2333.50048828125,3385021
2024-12-10,HUL,2408.699951171875,2413.0,2388.300048828125,2397.35009765625,2330.196044921875,2063838
2024-12-11,HUL,2405.0,2409.35009765625,2385.0,2401.35009765625,2334.083740234375,1718225
2024-12-12,HUL,2385.050048828125,2399.949951171875,2338.0,2344.949951171875,2279.263427734375,3231056
2024-12-13,HUL,2344.949951171875,2394.550048828125,2333.449951171875,2390.10009765625,2323.14892578125,2260902
2024-12-16,HUL,2390.300048828125,2393.0,2363.0,2366.14990234375,2299.86962890625,1247552
2024-12-17,HUL,2353.35009765625,2380.0,2353.35009765625,2363.25,2297.05078125,2131569
2024-12-18,HUL,2350.050048828125,2383.0,2350.050048828125,2359.199951171875,2293.1142578125,988403
2024-12-19,HUL,2347.0,2386.949951171875,2336.0,2359.85009765625,2293.746337890625,1655915
2024-12-20,HUL,2352.10009765625,2373.5,2324.64990234375,2333.89990234375,2268.52294921875,2069691
2024-12-23,HUL,2337.0,2351.75,2315.25,2338.89990234375,2273.383056640625,1066199
2024-12-24,HUL,2331.10009765625,2356.949951171875,2331.10009765625,2335.550048828125,2270.126953125,683646
2024-12-26,HUL,2332.25,2341.85009765625,2324.699951171875,2332.75,2267.405029296875,1033769
2024-12-27,HUL,2343.0,2345.64990234375,2328.25,2341.25,2275.667236328125,556816
2024-12-30,HUL,2341.5,2359.14990234375,2325.0,2343.5,2277.854248046875,924180
2024-12-31,HUL,2340.0,2352.64990234375,2323.25,2326.85009765625,2261.670654296875,1878762
2025-01-01,HUL,2325.0,2337.14990234375,2320.25,2322.10009765625,2257.0537109375,559893
2025-01-02,HUL,2330.0,2379.64990234375,2315.5,2370.0,2303.61181640625,1650744
2025-01-03,HUL,2381.85009765625,2414.60009765625,2364.800048828125,2406.25,2338.846435546875,1274239
2025-01-06,HUL,2418.0,2418.949951171875,2361.64990234375,2376.199951171875,2309.637939453125,900419
2025-01-07,HUL,2377.14990234375,2402.25,2375.25,2390.800048828125,2323.829345703125,922768
2025-01-08,HUL,2391.0,2409.0,2368.0,2401.0,2333.74365234375,953351
2025-01-09,HUL,2405.050048828125,2473.64990234375,2386.39990234375,2435.39990234375,2367.179931640625,2425267
2025-01-10,HUL,2435.39990234375,2456.0,2413.800048828125,2442.050048828125,2373.643798828125,1651911
2025-01-13,HUL,2417.050048828125,2460.5,2409.050048828125,2451.0,2382.3427734375,2595013
2025-01-14,HUL,2465.0,2468.0,2364.10009765625,2367.949951171875,2301.619384765625,2052741
2025-01-15,HUL,2373.89990234375,2384.89990234375,2350.10009765625,2373.0,2306.52783203125,1215150
2025-01-16,HUL,2376.949951171875,2380.0,2326.050048828125,2345.0,2279.31201171875,2762596
2025-01-17,HUL,2350.0,2379.300048828125,2343.0,2354.0,2288.060302734375,1333005
2025-01-20,HUL,2356.449951171875,2368.0,2335.64990234375,2345.199951171875,2279.506591796875,1382273
2025-01-21,HUL,2353.5,2377.300048828125,2332.449951171875,2340.5,2274.938232421875,1842885
2025-01-22,HUL,2342.550048828125,2362.0,2332.199951171875,2342.949951171875,2277.319580078125,2658047
2025-01-23,HUL,2315.0,2341.300048828125,2253.85009765625,2321.699951171875,2256.664794921875,3408925
2025-01-24,HUL,2332.85009765625,2380.800048828125,2323.0,2368.10009765625,2301.76513671875,1688664
2025-01-27,HUL,2365.0,2409.699951171875,2361.14990234375,2392.85009765625,2325.82177734375,2477358
2025-01-28,HUL,2401.0,2407.0,2379.449951171875,2388.85009765625,2321.933837890625,1892156
2025-01-29,HUL,2385.14990234375,2396.0,2364.0,2383.949951171875,2317.171142578125,699576
2025-01-30,HUL,2384.0,2425.0,2384.0,2408.75,2341.276123046875,1419960
2025-01-31,HUL,2401.5,2479.0,2401.5,2468.800048828125,2399.644287109375,2116148
2025-02-01,HUL,2475.0,2602.0,2435.14990234375,2506.050048828125,2435.85107421875,2970999
2025-02-03,HUL,2505.0,2520.0,2416.5,2441.949951171875,2373.54638671875,2528480
2025-02-04,HUL,2450.0,2450.0,2402.85009765625,2438.050048828125,2369.755615234375,1992474
2025-02-05,HUL,2453.0,2453.0,2387.0,2391.050048828125,2324.072265625,1357416
2025-02-06,HUL,2400.0,2408.949951171875,2360.300048828125,2372.699951171875,2306.236328125,1132113
2025-02-07,HUL,2380.0,2381.949951171875,2336.10009765625,2363.85009765625,2297.63427734375,855602
2025-02-10,HUL,2370.89990234375,2398.0,2352.050048828125,2361.449951171875,2295.301513671875,1326354
2025-02-11,HUL,2371.0,2377.949951171875,2296.550048828125,2315.25,2250.395751953125,1389260
2025-02-12,HUL,2325.699951171875,2339.89990234375,2305.10009765625,2332.5,2267.162353515625,1341909
2025-02-13,HUL,2330.10009765625,2345.60009765625,2313.35009765625,2321.5,2256.470458984375,1334967
2025-02-14,HUL,2322.0,2366.0,2313.39990234375,2318.35009765625,2253.40869140625,1135380
2025-02-17,HUL,2318.35009765625,2336.0,2300.0,2329.39990234375,2264.149169921875,1409168
2025-02-18,HUL,2329.39990234375,2338.550048828125,2288.0,2296.0,2231.684814453125,1035705
2025-02-19,HUL,2298.75,2305.699951171875,2248.0,2250.39990234375,2187.36181640625,1521343
2025-02-20,HUL,2250.39990234375,2254.449951171875,2226.5,2248.050048828125,2185.07763671875,2206196
2025-02-21,HUL,2248.050048828125,2253.550048828125,2226.39990234375,2241.64990234375,2178.85693359375,1781509
2025-02-24,HUL,2230.0,2251.0,2218.800048828125,2241.449951171875,2178.662841796875,1627949
2025-02-25,HUL,2243.0,2269.60009765625,2237.949951171875,2259.300048828125,2196.0126953125,1988040
2025-02-27,HUL,2269.64990234375,2269.64990234375,2233.10009765625,2244.949951171875,2182.064453125,1699658
2025-02-28,HUL,2245.050048828125,2249.60009765625,2185.85009765625,2190.25,2128.89697265625,3683249
2025-03-03,HUL,2199.0,2199.0,2158.5,2176.85009765625,2115.872314453125,1306470
2025-03-04,HUL,2179.949951171875,2180.0,2136.0,2157.35009765625,2096.918701171875,1800330
2025-03-05,HUL,2152.0,2191.89990234375,2150.0,2170.449951171875,2109.651611328125,1145673
2025-03-06,HUL,2175.0,2229.800048828125,2163.75,2218.949951171875,2156.79296875,1856868
2025-03-07,HUL,2226.699951171875,2226.699951171875,2189.199951171875,2204.550048828125,2142.796630859375,1738356
2025-03-10,HUL,2208.0,2267.14990234375,2194.64990234375,2247.75,2184.786376953125,1242387
2025-03-11,HUL,2240.0,2262.449951171875,2211.25,2216.949951171875,2154.84912109375,1325891
2025-03-12,HUL,2217.35009765625,2229.949951171875,2185.0,2192.89990234375,2131.472412109375,1526212
2025-03-13,HUL,2185.0,2209.949951171875,2164.449951171875,2174.800048828125,2113.8798828125,1845629
2025-03-17,HUL,2161.0,2195.449951171875,2156.5,2171.25,2110.42919921875,1111886
2025-03-18,HUL,2171.25,2171.25,2171.25,2171.25,2110.42919921875,0
2025-03-19,HUL,2207.0,2212.85009765625,2193.449951171875,2200.050048828125,2138.422607421875,1341405
2025-03-20,HUL,2203.89990234375,2248.89990234375,2188.449951171875,2242.39990234375,2179.586181640625,1426689
2025-03-21,HUL,2245.0,2255.199951171875,2225.800048828125,2246.199951171875,2183.27978515625,2152415
2025-03-24,HUL,2250.25,2266.0,2241.0,2256.199951171875,2192.99951171875,1454404
2025-03-25,HUL,2250.75,2292.0,2243.35009765625,2271.300048828125,2207.6767578125,2229340
2025-03-26,HUL,2272.0,2279.89990234375,2237.800048828125,2245.949951171875,2183.036376953125,1416907
2025-03-27,HUL,2244.199951171875,2260.89990234375,2200.0,2244.64990234375,2181.773193359375,3752627
2025-03-28,HUL,2247.0,2296.0,2240.300048828125,2258.85009765625,2195.575439453125,2280152
2025-04-01,HUL,2259.0,2284.64990234375,2220.0,2233.85009765625,2171.27587890625,2495962
2025-04-02,HUL,2243.699951171875,2243.699951171875,2190.050048828125,2237.89990234375,2175.212158203125,1351493
2025-04-03,HUL,2225.449951171875,2252.89990234375,2220.60009765625,2244.550048828125,2181.676025390625,1310088
2025-04-04,HUL,2230.0,2267.050048828125,2222.0,2244.550048828125,2181.676025390625,1120226
2025-04-07,HUL,2150.0,2261.60009765625,2150.0,2249.39990234375,2186.389892578125,3435185
2025-04-08,HUL,2268.300048828125,2306.199951171875,2252.35009765625,2289.25,2225.123779296875,2774874
2025-04-09,HUL,2293.949951171875,2354.14990234375,2289.5,2350.0,2284.172119140625,2989089
2025-04-11,HUL,2394.60009765625,2394.85009765625,2344.35009765625,2366.14990234375,2299.86962890625,3836083
2025-04-15,HUL,2400.0,2400.0,2345.199951171875,2361.5,2295.35009765625,3042779
2025-04-16,HUL,2351.0,2376.0,2351.0,2366.60009765625,2300.30712890625,1131979
2025-04-17,HUL,2357.10009765625,2379.89990234375,2343.10009765625,2375.0,2308.4716796875,1962402
2025-04-21,HUL,2368.10009765625,2372.39990234375,2348.800048828125,2351.0,2285.14404296875,1478430
2025-04-22,HUL,2370.0,2406.0,2355.10009765625,2398.699951171875,2331.508056640625,2352346
2025-04-23,HUL,2410.0,2438.0,2393.39990234375,2423.800048828125,2355.905029296875,2226066
2025-04-24,HUL,2423.800048828125,2487.39990234375,2317.10009765625,2325.300048828125,2260.163818359375,7065430
2025-04-25,HUL,2331.89990234375,2341.89990234375,2294.39990234375,2332.199951171875,2266.87060546875,2859858
2025-04-28,HUL,2345.0,2349.0,2315.0,2318.60009765625,2253.65185546875,1555660
2025-04-29,HUL,2328.0,2332.5,2312.60009765625,2321.699951171875,2256.664794921875,1896387
2025-04-30,HUL,2320.0,2352.5,2316.0,2342.10009765625,2276.49365234375,2083807
2025-05-02,HUL,2334.10009765625,2345.0,2310.0,2318.60009765625,2253.65185546875,1424284
2025-05-05,HUL,2324.10009765625,2354.89990234375,2319.10009765625,2348.60009765625,2282.8115234375,2074103
2025-05-06,HUL,2340.199951171875,2390.10009765625,2340.199951171875,2381.800048828125,2315.081298828125,1888125
2025-05-07,HUL,2369.0,2386.89990234375,2355.300048828125,2370.800048828125,2304.389404296875,1610400
2025-05-08,HUL,2361.699951171875,2371.89990234375,2341.0,2354.89990234375,2288.934814453125,2323073
2025-05-09,HUL,2330.0,2342.699951171875,2302.300048828125,2332.89990234375,2267.551025390625,1805685
2025-05-12,HUL,2360.0,2387.0,2346.10009765625,2382.5,2315.76171875,1274873
2025-05-13,HUL,2375.60009765625,2398.0,2352.800048828125,2360.0,2293.891845703125,1929665
2025-05-14,HUL,2370.0,2370.0,2338.5,2350.5,2284.657958984375,1568111
2025-05-15,HUL,2351.60009765625,2369.89990234375,2340.0,2355.199951171875,2289.226318359375,3236681
2025-05-16,HUL,2360.0,2387.0,2349.0,2381.39990234375,2314.6923828125,1473000
2025-05-19,HUL,2375.0,2405.0,2375.0,2382.699951171875,2315.9560546875,936655
2025-05-20,HUL,2394.60009765625,2394.60009765625,2338.5,2341.10009765625,2275.521728515625,1617408
2025-05-21,HUL,2346.0,2375.699951171875,2345.0,2363.89990234375,2297.6826171875,1570754
2025-05-22,HUL,2355.0,2363.10009765625,2313.10009765625,2330.699951171875,2265.41259765625,2423653
2025-05-23,HUL,2336.89990234375,2364.5,2329.60009765625,2359.199951171875,2293.1142578125,844118
2025-05-26,HUL,2368.0,2397.300048828125,2364.10009765625,2394.10009765625,2327.036865234375,892618
2025-05-27,HUL,2394.10009765625,2409.5,2360.300048828125,2380.199951171875,2313.5263671875,1865258
2025-05-28,HUL,2388.0,2388.0,2352.0,2362.0,2295.8359375,897517
2025-05-29,HUL,2369.0,2376.0,2355.5,2366.699951171875,2300.404296875,1111275
2025-05-30,HUL,2360.0,2374.89990234375,2343.5,2348.300048828125,2282.519775390625,3288892
2025-06-02,HUL,2347.89990234375,2384.0,2343.60009765625,2371.60009765625,2305.167236328125,1178205
2025-06-03,HUL,2365.10009765625,2379.5,2342.60009765625,2352.300048828125,2286.40771484375,1643913
2025-06-04,HUL,2359.5,2367.60009765625,2342.10009765625,2364.5,2298.265869140625,3287896
2025-06-05,HUL,2364.5,2380.0,2348.89990234375,2376.39990234375,2309.83251953125,1787978
2025-06-06,HUL,2373.300048828125,2396.5,2370.10009765625,2389.800048828125,2322.857421875,997488
2025-06-09,HUL,2394.0,2399.0,2378.300048828125,2393.199951171875,2326.161865234375,1293622
2025-06-10,HUL,2393.39990234375,2400.199951171875,2378.39990234375,2395.199951171875,2328.10595703125,1778782
2025-06-11,HUL,2395.199951171875,2402.89990234375,2371.300048828125,2376.39990234375,2309.83251953125,1977707
2025-06-12,HUL,2386.89990234375,2388.0,2324.10009765625,2332.699951171875,2267.3564453125,3339584
2025-06-13,HUL,2305.0,2324.89990234375,2302.0,2319.0,2254.04052734375,1740682
2025-06-16,HUL,2320.0,2336.60009765625,2313.10009765625,2327.39990234375,2262.204833984375,1105297
2025-06-17,HUL,2320.0,2333.10009765625,2313.10009765625,2328.60009765625,2263.37158203125,1119284
2025-06-18,HUL,2327.699951171875,2331.39990234375,2285.5,2297.300048828125,2232.9482421875,2056563
2025-06-19,HUL,2300.10009765625,2307.800048828125,2290.300048828125,2294.199951171875,2229.93505859375,1214549
2025-06-20,HUL,2295.0,2313.0,2292.39990234375,2306.199951171875,2241.59912109375,2685864
2025-06-23,HUL,2283.39990234375,2286.0,2258.699951171875,2275.10009765625,2234.62548828125,842856
2025-06-24,HUL,2295.0,2301.0,2260.300048828125,2263.10009765625,2222.839111328125,2440747
2025-06-25,HUL,2279.0,2290.5,2271.39990234375,2278.699951171875,2238.1611328125,1047270
2025-06-26,HUL,2288.89990234375,2291.0,2271.60009765625,2280.800048828125,2240.223876953125,1874722
2025-06-27,HUL,2280.800048828125,2310.5,2279.300048828125,2306.89990234375,2265.859375,1050745
2025-06-30,HUL,2309.89990234375,2317.0,2288.0,2294.60009765625,2253.778564453125,1403754
2025-07-01,HUL,2300.0,2302.60009765625,2286.60009765625,2295.5,2254.662353515625,759914
2025-07-02,HUL,2295.0,2309.0,2287.60009765625,2307.10009765625,2266.05615234375,1128034
2025-07-03,HUL,2310.0,2326.89990234375,2304.0,2313.39990234375,2272.243896484375,1060039
2025-07-04,HUL,2318.0,2341.39990234375,2310.300048828125,2339.300048828125,2297.68310546875,1242346
2025-07-07,HUL,2341.0,2415.699951171875,2341.0,2410.39990234375,2367.518310546875,2701583
2025-07-08,HUL,2405.39990234375,2418.5,2386.0,2392.699951171875,2350.133056640625,1471046
2025-07-09,HUL,2399.0,2439.699951171875,2397.10009765625,2423.39990234375,2380.286865234375,1741690
2025-07-10,HUL,2423.39990234375,2434.0,2397.60009765625,2408.39990234375,2365.553955078125,1053695
2025-07-11,HUL,2500.0,2530.0,2461.0,2519.60009765625,2474.775634765625,7242235
2025-07-14,HUL,2500.0,2532.5,2490.0,2516.60009765625,2471.8291015625,2427712
2025-07-15,HUL,2520.699951171875,2529.89990234375,2510.0,2526.89990234375,2481.94580078125,1700294
2025-07-16,HUL,2526.300048828125,2532.89990234375,2507.5,2517.60009765625,2472.811279296875,1284379
2025-07-17,HUL,2513.0,2525.39990234375,2506.199951171875,2509.800048828125,2465.14990234375,807474
2025-07-18,HUL,2514.89990234375,2514.89990234375,2481.5,2489.60009765625,2445.309326171875,771112
2025-07-21,HUL,2490.89990234375,2493.60009765625,2455.39990234375,2464.89990234375,2421.048828125,1169960
2025-07-22,HUL,2470.0,2485.0,2452.60009765625,2479.699951171875,2435.58544921875,861632
2025-07-23,HUL,2481.0,2487.0,2442.0,2450.39990234375,2406.806640625,1320795
2025-07-24,HUL,2455.89990234375,2466.0,2421.0,2437.800048828125,2394.430908203125,693984
2025-07-25,HUL,2426.10009765625,2428.60009765625,2405.39990234375,2415.39990234375,2372.42919921875,769388
2025-07-28,HUL,2415.39990234375,2448.300048828125,2412.300048828125,2441.60009765625,2398.163330078125,987995
2025-07-29,HUL,2444.800048828125,2457.5,2429.699951171875,2453.60009765625,2409.949951171875,732282
2025-07-30,HUL,2442.0,2452.89990234375,2398.5,2437.39990234375,2394.037841796875,1224146
2025-07-31,HUL,2420.10009765625,2549.0,2420.10009765625,2521.199951171875,2476.34716796875,5505507
2025-08-01,HUL,2550.0,2727.5,2536.89990234375,2553.699951171875,2508.26904296875,4259653
2025-08-04,HUL,2547.0,2583.199951171875,2535.10009765625,2543.699951171875,2498.44677734375,1293028
2025-08-05,HUL,2537.5,2553.0,2517.300048828125,2534.699951171875,2489.60693359375,756361
2025-08-06,HUL,2538.699951171875,2563.10009765625,2526.60009765625,2535.60009765625,2490.490966796875,885487
2025-08-07,HUL,2535.699951171875,2544.0,2495.0,2517.5,2472.712890625,847151
2025-08-08,HUL,2516.0,2529.89990234375,2486.60009765625,2498.60009765625,2454.1494140625,839794
2025-08-11,HUL,2490.10009765625,2524.5,2478.5,2518.39990234375,2473.5966796875,992436
2025-08-12,HUL,2518.0,2536.60009765625,2480.10009765625,2483.800048828125,2439.612548828125,1406211
2025-08-13,HUL,2485.0,2501.5,2473.39990234375,2495.10009765625,2450.711669921875,969803
2025-08-14,HUL,2498.89990234375,2509.0,2473.199951171875,2480.60009765625,2436.469482421875,1104362
2025-08-18,HUL,2539.0,2597.0,2521.300048828125,2568.10009765625,2522.4130859375,3089136
2025-08-19,HUL,2572.199951171875,2615.0,2558.39990234375,2604.800048828125,2558.4599609375,1400717
2025-08-20,HUL,2599.0,2680.0,2588.5,2669.800048828125,2622.3037109375,3156954
2025-08-21,HUL,2667.10009765625,2667.10009765625,2627.300048828125,2648.0,2600.891357421875,2235686
2025-08-22,HUL,2647.0,2658.5,2619.0,2629.89990234375,2583.11328125,1223445
2025-08-25,HUL,2643.0,2643.0,2615.199951171875,2631.60009765625,2584.783203125,667598
2025-08-26,HUL,2624.60009765625,2705.0,2624.60009765625,2692.60009765625,2644.697998046875,4348648
2025-08-28,HUL,2748.0,2748.0,2646.800048828125,2654.39990234375,2607.177490234375,3198743
2025-08-29,HUL,2664.800048828125,2723.0,2641.39990234375,2659.800048828125,2612.4814453125,1972773
2025-09-01,HUL,2659.800048828125,2673.300048828125,2639.300048828125,2649.5,2602.36474609375,1096729
2025-09-02,HUL,2649.0,2692.39990234375,2645.10009765625,2677.0,2629.37548828125,1525106
2025-09-03,HUL,2681.0,2686.89990234375,2658.300048828125,2664.699951171875,2617.294189453125,1010692
2025-09-04,HUL,2750.0,2750.0,2655.5,2666.60009765625,2619.16064453125,2494678
2025-09-05,HUL,2667.60009765625,2672.89990234375,2623.800048828125,2633.39990234375,2586.55078125,944879
2025-09-08,HUL,2630.0,2644.60009765625,2618.800048828125,2623.89990234375,2577.219970703125,903410
2025-09-09,HUL,2637.0,2646.199951171875,2611.300048828125,2642.0,2594.998046875,1610956
2025-09-10,HUL,2642.0,2652.89990234375,2619.0,2643.5,2596.471435546875,1031486
2025-09-11,HUL,2643.800048828125,2657.699951171875,2614.0,2622.0,2575.35400390625,1212707
2025-09-12,HUL,2625.0,2628.89990234375,2569.0,2580.5,2534.592041015625,1368380
2025-09-15,HUL,2580.5,2593.39990234375,2568.39990234375,2581.0,2535.083251953125,752745
2025-09-16,HUL,2588.199951171875,2590.0,2572.60009765625,2580.89990234375,2534.985107421875,1040928
2025-09-17,HUL,2587.0,2591.10009765625,2566.5,2569.699951171875,2523.984130859375,970247
2025-09-18,HUL,2570.89990234375,2609.89990234375,2570.89990234375,2586.800048828125,2540.780029296875,1550153
2025-09-19,HUL,2600.0,2604.699951171875,2554.800048828125,2559.60009765625,2514.06396484375,2214708
2025-09-22,HUL,2569.0,2587.199951171875,2560.199951171875,2572.199951171875,2526.43994140625,1174161
2025-09-23,HUL,2568.89990234375,2575.300048828125,2518.199951171875,2522.199951171875,2477.329345703125,1430474
2025-09-24,HUL,2522.199951171875,2576.0,2510.0,2549.5,2504.143798828125,1882881
2025-09-25,HUL,2546.0,2567.5,2531.800048828125,2538.300048828125,2493.14306640625,1624258
2025-09-26,HUL,2535.0,2545.39990234375,2499.39990234375,2511.800048828125,2467.1142578125,885612
2025-09-29,HUL,2495.0,2517.39990234375,2443.0,2497.89990234375,2453.46142578125,2403556
2025-09-30,HUL,2497.89990234375,2526.300048828125,2491.60009765625,2514.39990234375,2469.66796875,1678088
2025-10-01,HUL,2515.39990234375,2550.0,2497.89990234375,2536.199951171875,2491.080322265625,1483899
2025-10-03,HUL,2536.199951171875,2548.60009765625,2508.300048828125,2544.89990234375,2499.62548828125,1242611
2025-10-06,HUL,2535.199951171875,2549.60009765625,2520.199951171875,2541.800048828125,2496.580810546875,818923
2025-10-07,HUL,2540.0,2559.39990234375,2508.300048828125,2517.199951171875,2472.418212890625,1291750
2025-10-08,HUL,2511.0,2525.0,2486.10009765625,2500.10009765625,2455.62255859375,1225128
2025-10-09,HUL,2501.0,2523.0,2498.300048828125,2517.60009765625,2472.811279296875,1259173
2025-10-10,HUL,2510.0,2534.89990234375,2506.5,2528.89990234375,2483.91015625,1018875
2025-10-13,HUL,2519.199951171875,2531.60009765625,2485.39990234375,2492.800048828125,2448.452392578125,1114750
2025-10-14,HUL,2493.0,2509.199951171875,2482.300048828125,2502.300048828125,2457.783447265625,1461017
2025-10-15,HUL,2502.60009765625,2531.800048828125,2502.60009765625,2519.0,2474.186279296875,881070
2025-10-16,HUL,2517.800048828125,2568.5,2507.10009765625,2561.5,2515.93017578125,1446646
2025-10-17,HUL,2565.5,2615.0,2560.0,2603.699951171875,2557.37939453125,2050690
2025-10-20,HUL,2609.0,2624.699951171875,2585.60009765625,2594.39990234375,2548.24462890625,1011485
2025-10-21,HUL,2594.0,2606.699951171875,2585.10009765625,2591.699951171875,2545.593017578125,82020
2025-10-23,HUL,2601.0,2667.199951171875,2596.10009765625,2601.60009765625,2555.31689453125,3386744
2025-10-24,HUL,2584.0,2584.0,2474.5,2516.39990234375,2471.63232421875,3110800
2025-10-27,HUL,2516.39990234375,2525.0,2506.0,2511.800048828125,2467.1142578125,2127832
2025-10-28,HUL,2519.0,2526.0,2481.89990234375,2497.10009765625,2452.676025390625,2294976
2025-10-29,HUL,2512.60009765625,2513.60009765625,2484.0,2488.10009765625,2443.8359375,1870143
2025-10-30,HUL,2491.0,2497.0,2454.89990234375,2469.60009765625,2425.6650390625,1195631
2025-10-31,HUL,2469.0,2479.5,2452.89990234375,2465.5,2421.637939453125,1401937
2025-11-03,HUL,2456.10009765625,2474.89990234375,2440.300048828125,2460.0,2416.23583984375,1049185
2025-11-04,HUL,2460.0,2463.300048828125,2441.300048828125,2445.699951171875,2402.190185546875,1251588
2025-11-06,HUL,2463.89990234375,2463.89990234375,2432.60009765625,2436.0,2392.662841796875,1329256
2025-11-07,HUL,2417.0,2425.0,2400.60009765625,2414.0,2389.693115234375,817896
2025-11-10,HUL,2405.0,2429.300048828125,2404.0,2408.800048828125,2384.54541015625,780558
2025-11-11,HUL,2422.199951171875,2433.699951171875,2403.10009765625,2427.5,2403.05712890625,1422399
2025-11-12,HUL,2430.60009765625,2434.800048828125,2416.199951171875,2424.5,2400.08740234375,1680827
2025-11-13,HUL,2429.0,2431.0,2405.0,2407.60009765625,2383.357666015625,1256059
2025-11-14,HUL,2405.10009765625,2430.199951171875,2392.0,2427.699951171875,2403.255126953125,975973
2025-11-17,HUL,2431.39990234375,2438.39990234375,2416.0,2425.0,2400.582275390625,920038
2025-11-18,HUL,2415.800048828125,2422.89990234375,2401.89990234375,2404.0,2379.793701171875,1229034
2025-11-19,HUL,2412.0,2450.699951171875,2411.0,2441.60009765625,2417.015380859375,1465143
2025-11-20,HUL,2445.10009765625,2459.0,2425.0,2428.39990234375,2403.947998046875,1396929
2025-11-21,HUL,2436.199951171875,2443.199951171875,2413.0,2433.699951171875,2409.19482421875,1840712
2025-11-24,HUL,2441.89990234375,2444.89990234375,2413.0,2424.199951171875,2399.790283203125,4092327
2025-11-25,HUL,2422.0,2424.199951171875,2406.0,2414.10009765625,2389.792236328125,1240672
2025-11-26,HUL,2412.0,2427.699951171875,2409.0,2425.199951171875,2400.7802734375,1242683
2025-11-27,HUL,2426.10009765625,2459.699951171875,2425.0,2451.699951171875,2427.013427734375,1872248
2025-11-28,HUL,2450.0,2470.0,2447.199951171875,2466.60009765625,2441.763671875,973225
2025-12-01,HUL,2466.60009765625,2488.0,2458.800048828125,2464.5,2439.6845703125,1924828
2025-12-02,HUL,2471.0,2484.39990234375,2460.0,2477.800048828125,2452.850830078125,2179406
2025-12-03,HUL,2478.199951171875,2484.89990234375,2403.10009765625,2448.0,2423.350830078125,3535932
2025-12-04,HUL,2440.0,2483.0,2423.199951171875,2462.199951171875,2437.40771484375,2587753
2025-12-05,HUL,2422.0,2422.0,2286.699951171875,2338.60009765625,2315.052490234375,4008271
2025-12-08,HUL,2350.10009765625,2355.10009765625,2302.0,2314.0,2290.699951171875,1898154
2025-12-09,HUL,2318.0,2330.39990234375,2298.10009765625,2306.5,2283.275634765625,1471488
2025-12-10,HUL,2306.5,2316.89990234375,2295.0,2301.699951171875,2278.52392578125,2857290
2025-12-11,HUL,2296.300048828125,2313.0,2292.0,2305.60009765625,2282.384765625,1108032
2025-12-12,HUL,2306.89990234375,2309.0,2244.699951171875,2260.60009765625,2237.837890625,3203114
2025-12-15,HUL,2260.60009765625,2299.0,2252.0,2293.5,2270.406494140625,1274115
2025-12-16,HUL,2293.39990234375,2302.699951171875,2276.0,2281.10009765625,2258.13134765625,1256042
2025-12-17,HUL,2281.199951171875,2286.199951171875,2268.300048828125,2275.60009765625,2252.686767578125,808100
2025-12-18,HUL,2270.0,2278.300048828125,2255.300048828125,2265.5,2242.6884765625,1057295
2025-12-19,HUL,2263.699951171875,2284.800048828125,2263.699951171875,2280.0,2257.04248046875,1237214
2025-12-22,HUL,2280.0,2295.0,2280.0,2289.5,2266.44677734375,790773
2025-12-23,HUL,2289.300048828125,2310.0,2280.699951171875,2302.60009765625,2279.414794921875,1128801
2025-12-24,HUL,2302.60009765625,2305.0,2278.10009765625,2282.199951171875,2259.22021484375,519380
2025-12-26,HUL,2282.300048828125,2290.0,2275.0,2285.39990234375,2262.387939453125,533626
2025-12-29,HUL,2288.89990234375,2298.699951171875,2280.0,2293.300048828125,2270.20849609375,1086695
2025-12-30,HUL,2293.300048828125,2298.0,2283.0,2290.199951171875,2267.1396484375,1556717
2025-12-31,HUL,2290.0,2325.5,2286.800048828125,2315.89990234375,2292.580810546875,1324220
2026-01-01,HUL,2322.0,2326.0,2300.0,2323.0,2299.609375,758866
2026-01-02,HUL,2326.0,2357.699951171875,2322.0,2348.0,2324.357666015625,973413
2026-01-05,HUL,2341.5,2394.0,2336.39990234375,2384.10009765625,2360.09423828125,1344113
2026-01-06,HUL,2398.800048828125,2428.10009765625,2367.800048828125,2424.699951171875,2400.285400390625,1584720
2026-01-07,HUL,2416.0,2421.89990234375,2382.0,2399.39990234375,2375.239990234375,892690
2026-01-08,HUL,2389.0,2418.10009765625,2368.10009765625,2386.699951171875,2362.66796875,1163828
2026-01-09,HUL,2382.0,2386.0,2361.0,2372.60009765625,2348.7099609375,1189464
2026-01-12,HUL,2362.0,2413.89990234375,2361.0,2406.199951171875,2381.9716796875,1057665
2026-01-13,HUL,2415.10009765625,2422.199951171875,2365.0,2389.5,2365.439697265625,1519683
2026-01-14,HUL,2398.89990234375,2398.89990234375,2341.0,2353.5,2329.80224609375,1027639
2026-01-15,HUL,2353.5,2353.5,2353.5,2353.5,2329.80224609375,0
2026-01-16,HUL,2370.0,2372.89990234375,2348.89990234375,2360.39990234375,2336.6328125,1367606
2026-01-19,HUL,2353.0,2425.39990234375,2353.0,2413.89990234375,2389.593994140625,1505238
2026-01-20,HUL,2423.0,2439.0,2368.5,2379.10009765625,2355.14453125,1460806
2026-01-21,HUL,2379.10009765625,2400.5,2360.0,2368.0,2344.15625,1020245
2026-01-22,HUL,2368.89990234375,2402.0,2365.699951171875,2390.60009765625,2366.52880859375,1745964
2026-01-23,HUL,2400.0,2434.300048828125,2376.800048828125,2409.5,2385.238525390625,1378097
2026-01-27,HUL,2412.0,2421.60009765625,2380.5,2400.89990234375,2376.724853515625,2060117
2026-01-28,HUL,2403.10009765625,2420.199951171875,2340.60009765625,2378.39990234375,2354.451416015625,1797593
2026-01-29,HUL,2370.5,2374.699951171875,2312.0,2352.60009765625,2328.911376953125,1478536
2026-01-30,HUL,2341.0,2385.0,2340.0,2373.0,2349.10595703125,2090462
2026-02-02,HUL,2356.10009765625,2360.0,2303.0,2357.300048828125,2333.56396484375,1375089
2026-02-03,HUL,2390.0,2399.89990234375,2343.300048828125,2368.60009765625,2344.750244140625,1553270
2026-02-04,HUL,2360.60009765625,2393.5,2356.800048828125,2371.0,2347.1259765625,1232755
2026-02-05,HUL,2362.5,2423.0,2351.60009765625,2354.39990234375,2330.693115234375,1962066
2026-02-06,HUL,2354.39990234375,2429.0,2337.5,2424.199951171875,2399.790283203125,1421995
2026-02-09,HUL,2425.0,2439.0,2402.0,2435.0,2410.481689453125,958484
2026-02-10,HUL,2435.0,2458.10009765625,2430.10009765625,2453.60009765625,2428.89453125,792532
2026-02-11,HUL,2460.0,2470.60009765625,2447.0,2462.89990234375,2438.1005859375,1137856
2026-02-12,HUL,2475.0,2479.60009765625,2350.10009765625,2409.699951171875,2385.436279296875,4656164
2026-02-13,HUL,2400.0,2400.0,2300.300048828125,2305.199951171875,2281.988525390625,2791519
2026-02-16,HUL,2308.10009765625,2327.0,2288.10009765625,2319.0,2295.649658203125,2036833
2026-02-17,HUL,2309.300048828125,2326.0,2303.39990234375,2312.300048828125,2289.01708984375,1233244
2026-02-18,HUL,2312.60009765625,2328.89990234375,2306.0,2323.5,2300.1044921875,830787
2026-02-19,HUL,2336.0,2337.39990234375,2275.60009765625,2279.300048828125,2256.349365234375,940180
2026-02-20,HUL,2285.0,2331.199951171875,2278.300048828125,2314.5,2291.195068359375,1716316
2026-02-23,HUL,2325.0,2350.0,2320.800048828125,2345.39990234375,2321.78369140625,1300035
2026-02-24,HUL,2331.10009765625,2372.0,2330.300048828125,2358.60009765625,2334.85107421875,1544803
2026-02-25,HUL,2368.89990234375,2380.0,2349.0,2374.89990234375,2350.98681640625,1158620
2026-02-26,HUL,2378.0,2387.300048828125,2355.199951171875,2383.300048828125,2359.30224609375,1470677
2026-02-27,HUL,2369.300048828125,2378.89990234375,2330.60009765625,2338.10009765625,2314.557373046875,3053227
2026-03-02,HUL,2303.0,2354.0,2290.199951171875,2320.60009765625,2297.233642578125,2273224
2026-03-04,HUL,2292.89990234375,2311.60009765625,2252.10009765625,2261.300048828125,2238.53076171875,2648737
2026-03-05,HUL,2275.5,2277.800048828125,2228.39990234375,2255.0,2232.294189453125,1751288
2026-03-06,HUL,2245.10009765625,2250.0,2219.5,2225.699951171875,2203.2890625,1674258
2026-03-09,HUL,2199.0,2200.0,2170.39990234375,2194.60009765625,2172.50244140625,1512817
2026-03-10,HUL,2224.0,2224.0,2175.0,2190.199951171875,2168.146484375,1084986
2026-03-11,HUL,2190.199951171875,2195.0,2156.0,2161.39990234375,2139.636474609375,1313256
2026-03-12,HUL,2165.10009765625,2165.10009765625,2109.300048828125,2136.89990234375,2115.383056640625,1791973
2026-03-13,HUL,2136.0,2191.89990234375,2120.300048828125,2160.0,2138.250732421875,2298875
2026-03-16,HUL,2169.60009765625,2186.699951171875,2154.0,2175.699951171875,2153.79248046875,1981511
2026-03-17,HUL,2172.800048828125,2184.800048828125,2145.5,2158.199951171875,2136.46875,1705956
2026-03-18,HUL,2165.0,2175.0,2129.699951171875,2135.300048828125,2113.79931640625,2441148
2026-03-19,HUL,2112.0,2133.60009765625,2070.10009765625,2077.300048828125,2056.383544921875,2098905
2026-03-20,HUL,2099.699951171875,2099.800048828125,2069.0,2082.699951171875,2061.72900390625,2429744
2026-03-23,HUL,2062.300048828125,2097.0,2033.300048828125,2052.199951171875,2031.5361328125,2599535
2026-03-24,HUL,2070.0,2115.0,2066.0,2085.0,2064.005859375,1702418
2026-03-25,HUL,2098.0,2154.699951171875,2086.0,2134.800048828125,2113.304443359375,2069217
2026-03-27,HUL,2123.300048828125,2127.0,2069.5,2074.39990234375,2053.512451171875,2789151
2026-03-30,HUL,2064.0,2082.39990234375,2046.199951171875,2055.199951171875,2034.505859375,2482193
2026-04-01,HUL,2119.89990234375,2119.89990234375,2052.0,2064.699951171875,2043.91015625,2028470
2026-04-02,HUL,2055.0,2069.89990234375,2022.5,2065.300048828125,2044.5042724609375,1431905
2026-04-06,HUL,2065.300048828125,2092.800048828125,2041.9000244140625,2084.800048828125,2063.807861328125,1661298
2026-04-07,HUL,2064.699951171875,2119.5,2050.800048828125,2110.60009765625,2089.34814453125,2709707
2026-04-08,HUL,2130.0,2192.800048828125,2130.0,2145.60009765625,2123.995849609375,3794437
2026-04-09,HUL,2145.5,2162.89990234375,2115.0,2133.199951171875,2111.720458984375,2506245
2026-04-10,HUL,2133.199951171875,2170.0,2121.39990234375,2155.300048828125,2133.59814453125,2144484
2026-04-13,HUL,2131.0,2140.699951171875,2113.5,2127.199951171875,2105.781005859375,1994541
2026-04-15,HUL,2140.89990234375,2168.0,2140.89990234375,2157.60009765625,2135.875,1552971
2026-04-16,HUL,2158.0,2163.699951171875,2129.10009765625,2139.10009765625,2117.561279296875,1845734
2026-04-17,HUL,2142.0,2245.0,2133.0,2240.800048828125,2218.237060546875,4882697
2026-04-20,HUL,2240.800048828125,2253.39990234375,2223.199951171875,2231.5,2209.03076171875,1460822
2026-04-21,HUL,2238.699951171875,2335.699951171875,2227.199951171875,2310.699951171875,2287.43310546875,3217281
2026-04-22,HUL,2310.39990234375,2408.0,2310.39990234375,2368.800048828125,2344.9482421875,5558325
2026-04-23,HUL,2336.0,2400.0,2336.0,2366.39990234375,2342.572265625,2063531
2026-04-24,HUL,2388.60009765625,2388.60009765625,2299.0,2327.300048828125,2303.8662109375,1676706
2026-04-27,HUL,2334.89990234375,2362.800048828125,2325.0,2328.300048828125,2304.856201171875,1099681
2026-04-28,HUL,2321.0,2334.39990234375,2281.10009765625,2289.5,2266.44677734375,1629120
2026-04-29,HUL,2305.0,2349.699951171875,2291.0,2314.39990234375,2291.095947265625,1778765
2026-04-30,HUL,2312.0,2368.800048828125,2211.60009765625,2250.89990234375,2228.2353515625,4434979
2026-05-01,HUL,2250.89990234375,2250.89990234375,2250.89990234375,2250.89990234375,2228.2353515625,0
2026-05-04,HUL,2268.800048828125,2365.800048828125,2268.800048828125,2309.300048828125,2286.04736328125,2554255
2026-05-05,HUL,2301.5,2335.39990234375,2288.10009765625,2327.39990234375,2303.965087890625,1741424
2026-05-06,HUL,2330.0,2339.39990234375,2288.300048828125,2317.10009765625,2293.768798828125,1196175
2026-05-07,HUL,2310.0,2327.89990234375,2268.10009765625,2272.199951171875,2249.32080078125,1859012
2026-05-08,HUL,2272.199951171875,2297.300048828125,2256.0,2287.699951171875,2264.664794921875,1104526
2026-05-11,HUL,2277.10009765625,2317.10009765625,2259.199951171875,2307.199951171875,2283.968505859375,1903862
2026-05-12,HUL,2285.300048828125,2307.0,2256.0,2262.0,2239.2236328125,983506
2026-05-13,HUL,2265.0,2295.800048828125,2250.0,2267.300048828125,2244.47021484375,1308559
2026-05-14,HUL,2268.0,2285.89990234375,2245.0,2248.699951171875,2226.057373046875,1380764
2026-05-15,HUL,2248.699951171875,2298.89990234375,2246.199951171875,2272.199951171875,2249.32080078125,1038522
2026-05-18,HUL,2263.10009765625,2265.0,2224.699951171875,2254.199951171875,2231.502197265625,1118204
2026-05-19,HUL,2242.0,2282.0,2229.5,2232.89990234375,2210.41650390625,1145022
2026-05-20,HUL,2224.89990234375,2226.89990234375,2201.0,2209.300048828125,2187.05419921875,1071994
2026-05-21,HUL,2224.0,2229.0,2176.0,2179.0,2157.059326171875,1581812
2026-05-22,HUL,2180.0,2224.5,2175.39990234375,2203.60009765625,2181.411865234375,1382889
2026-05-25,HUL,2215.0,2238.10009765625,2192.89990234375,2196.5,2174.383056640625,780722
2026-05-26,HUL,2199.60009765625,2220.0,2190.0,2209.39990234375,2187.153076171875,2302703
2026-05-27,HUL,2205.10009765625,2214.60009765625,2187.0,2198.39990234375,2176.263916015625,616538
2026-05-28,HUL,2198.39990234375,2198.39990234375,2198.39990234375,2198.39990234375,2176.263916015625,0
2026-05-29,HUL,2133.5,2207.800048828125,2118.10009765625,2153.5,2131.816162109375,17701621
2026-06-01,HUL,2158.5,2167.5,2080.300048828125,2084.300048828125,2063.31298828125,1470488
2026-06-02,HUL,2079.0,2097.0,2065.699951171875,2093.699951171875,2072.6181640625,2148903
2026-06-03,HUL,2092.0,2099.60009765625,2072.199951171875,2090.60009765625,2069.549560546875,1544973
2026-06-04,HUL,2089.0,2110.89990234375,2073.5,2079.39990234375,2058.462158203125,2142735
2026-06-05,HUL,2086.699951171875,2127.5,2077.199951171875,2121.5,2100.138427734375,1822999
2026-06-08,HUL,2105.300048828125,2125.0,2091.5,2110.10009765625,2088.853271484375,1601497
2026-06-09,HUL,2119.699951171875,2138.60009765625,2110.10009765625,2132.800048828125,2111.32470703125,1460636
2026-06-10,HUL,2134.89990234375,2204.89990234375,2133.5,2169.5,2147.655029296875,2325534
2026-06-11,HUL,2164.0,2165.0,2135.300048828125,2139.800048828125,2118.254150390625,1178896
2026-06-12,HUL,2151.199951171875,2179.39990234375,2145.0,2168.800048828125,2146.962158203125,1156153
2026-06-15,HUL,2200.0,2211.0,2150.0,2156.10009765625,2134.39013671875,1439449
2026-06-16,HUL,2161.0,2209.0,2160.10009765625,2199.89990234375,2177.748779296875,1337309
2026-06-17,HUL,2201.10009765625,2224.60009765625,2183.0,2197.60009765625,2175.47216796875,1511401
2026-06-18,HUL,2208.699951171875,2221.60009765625,2196.800048828125,2218.5,2196.16162109375,1120482
2026-06-19,HUL,2209.60009765625,2210.60009765625,2179.89990234375,2194.60009765625,2172.50244140625,1508994
2026-06-22,HUL,2203.699951171875,2208.199951171875,2182.5,2184.89990234375,2162.89990234375,765860
2026-06-23,HUL,2160.10009765625,2179.699951171875,2156.0,2160.10009765625,2160.10009765625,710082
2026-06-24,HUL,2160.0,2166.0,2140.0,2157.800048828125,2157.800048828125,942271
2026-06-25,HUL,2161.0,2200.89990234375,2161.0,2174.199951171875,2174.199951171875,1898262
2026-06-26,HUL,2174.199951171875,2174.199951171875,2174.199951171875,2174.199951171875,2174.199951171875,0
2026-06-29,HUL,2172.0,2189.89990234375,2143.0,2151.300048828125,2151.300048828125,1423514
2026-06-30,HUL,2151.0,2151.300048828125,2114.199951171875,2118.199951171875,2118.199951171875,2364422
2026-07-01,HUL,2133.5,2190.0,2120.199951171875,2182.0,2182.0,2497576
2026-07-02,HUL,2186.0,2216.0,2179.199951171875,2210.60009765625,2210.60009765625,2585362
2026-07-03,HUL,2224.89990234375,2239.300048828125,2190.0,2201.199951171875,2201.199951171875,1536616
2026-07-06,HUL,2202.10009765625,2221.39990234375,2190.300048828125,2202.0,2202.0,2131061
2026-07-07,HUL,2199.0,2199.0,2169.0,,,172646
